start	end	type
2	3	ENTRY
2	4	EXIT
6	7	PARENT_OF
5	6	PARENT_OF
2	5	PARENT_OF
1	2	FILE_OF
8	1	DIRECTORY_OF
10	11	ENTRY
10	12	EXIT
15	16	PARENT_OF
14	15	PARENT_OF
14	17	PARENT_OF
13	14	PARENT_OF
13	18	PARENT_OF
10	13	PARENT_OF
9	10	FILE_OF
20	21	ENTRY
20	22	EXIT
24	25	PARENT_OF
23	24	PARENT_OF
28	29	PARENT_OF
27	28	PARENT_OF
27	30	PARENT_OF
26	27	PARENT_OF
23	26	PARENT_OF
20	23	PARENT_OF
19	20	FILE_OF
32	33	ENTRY
32	34	EXIT
37	38	PARENT_OF
36	37	PARENT_OF
36	39	PARENT_OF
35	36	PARENT_OF
35	40	PARENT_OF
32	35	PARENT_OF
31	32	FILE_OF
41	9	DIRECTORY_OF
41	19	DIRECTORY_OF
41	31	DIRECTORY_OF
42	8	DIRECTORY_OF
42	41	DIRECTORY_OF
44	45	ENTRY
44	46	EXIT
49	50	PARENT_OF
48	49	PARENT_OF
48	51	PARENT_OF
47	48	PARENT_OF
53	54	PARENT_OF
52	53	PARENT_OF
56	57	PARENT_OF
55	56	PARENT_OF
58	59	PARENT_OF
55	58	PARENT_OF
52	55	PARENT_OF
47	52	PARENT_OF
61	62	PARENT_OF
60	61	PARENT_OF
64	65	PARENT_OF
63	64	PARENT_OF
66	67	PARENT_OF
63	66	PARENT_OF
60	63	PARENT_OF
47	60	PARENT_OF
69	70	PARENT_OF
68	69	PARENT_OF
72	73	PARENT_OF
71	72	PARENT_OF
74	75	PARENT_OF
71	74	PARENT_OF
68	71	PARENT_OF
47	68	PARENT_OF
77	78	PARENT_OF
76	77	PARENT_OF
80	81	PARENT_OF
79	80	PARENT_OF
82	83	PARENT_OF
79	82	PARENT_OF
76	79	PARENT_OF
47	76	PARENT_OF
85	86	PARENT_OF
84	85	PARENT_OF
88	89	PARENT_OF
87	88	PARENT_OF
90	91	PARENT_OF
87	90	PARENT_OF
84	87	PARENT_OF
47	84	PARENT_OF
93	94	PARENT_OF
92	93	PARENT_OF
100	101	PARENT_OF
99	100	PARENT_OF
102	103	PARENT_OF
99	102	PARENT_OF
98	99	PARENT_OF
104	105	PARENT_OF
98	104	PARENT_OF
97	98	PARENT_OF
106	107	PARENT_OF
97	106	PARENT_OF
96	97	PARENT_OF
108	109	PARENT_OF
96	108	PARENT_OF
95	96	PARENT_OF
110	111	PARENT_OF
95	110	PARENT_OF
92	95	PARENT_OF
47	92	PARENT_OF
115	116	PARENT_OF
114	115	PARENT_OF
118	119	PARENT_OF
117	118	PARENT_OF
122	123	PARENT_OF
121	122	PARENT_OF
121	124	PARENT_OF
120	121	PARENT_OF
117	120	PARENT_OF
114	117	PARENT_OF
113	114	PARENT_OF
127	128	PARENT_OF
126	127	PARENT_OF
131	132	PARENT_OF
130	131	PARENT_OF
130	133	PARENT_OF
129	130	PARENT_OF
126	129	PARENT_OF
125	126	PARENT_OF
113	125	PARENT_OF
112	113	PARENT_OF
134	135	PARENT_OF
137	138	PARENT_OF
136	137	PARENT_OF
134	136	PARENT_OF
112	134	PARENT_OF
47	112	PARENT_OF
47	139	PARENT_OF
44	47	PARENT_OF
43	44	FILE_OF
140	43	DIRECTORY_OF
142	143	ENTRY
142	144	EXIT
145	146	PARENT_OF
147	148	PARENT_OF
145	147	PARENT_OF
152	153	PARENT_OF
151	152	PARENT_OF
151	154	PARENT_OF
150	151	PARENT_OF
157	158	PARENT_OF
156	157	PARENT_OF
160	161	PARENT_OF
159	160	PARENT_OF
159	162	PARENT_OF
156	159	PARENT_OF
155	156	PARENT_OF
150	155	PARENT_OF
149	150	PARENT_OF
163	164	PARENT_OF
167	168	PARENT_OF
166	167	PARENT_OF
166	169	PARENT_OF
165	166	PARENT_OF
163	165	PARENT_OF
149	163	PARENT_OF
145	149	PARENT_OF
173	174	PARENT_OF
172	173	PARENT_OF
177	178	PARENT_OF
176	177	PARENT_OF
180	181	PARENT_OF
179	180	PARENT_OF
176	179	PARENT_OF
175	176	PARENT_OF
172	175	PARENT_OF
171	172	PARENT_OF
185	186	PARENT_OF
184	185	PARENT_OF
188	189	PARENT_OF
187	188	PARENT_OF
191	192	PARENT_OF
190	191	PARENT_OF
187	190	PARENT_OF
184	187	PARENT_OF
183	184	PARENT_OF
200	201	PARENT_OF
202	203	PARENT_OF
200	202	PARENT_OF
199	200	PARENT_OF
199	204	PARENT_OF
198	199	PARENT_OF
205	206	PARENT_OF
198	205	PARENT_OF
197	198	PARENT_OF
197	207	PARENT_OF
196	197	PARENT_OF
208	209	PARENT_OF
196	208	PARENT_OF
195	196	PARENT_OF
195	210	PARENT_OF
194	195	PARENT_OF
193	194	PARENT_OF
183	193	PARENT_OF
182	183	PARENT_OF
212	213	PARENT_OF
211	212	PARENT_OF
215	216	PARENT_OF
214	215	PARENT_OF
211	214	PARENT_OF
182	211	PARENT_OF
171	182	PARENT_OF
170	171	PARENT_OF
217	218	PARENT_OF
222	223	PARENT_OF
224	225	PARENT_OF
222	224	PARENT_OF
221	222	PARENT_OF
221	226	PARENT_OF
220	221	PARENT_OF
219	220	PARENT_OF
228	229	PARENT_OF
227	228	PARENT_OF
231	232	PARENT_OF
230	231	PARENT_OF
234	235	PARENT_OF
233	234	PARENT_OF
233	236	PARENT_OF
230	233	PARENT_OF
227	230	PARENT_OF
219	227	PARENT_OF
238	239	PARENT_OF
237	238	PARENT_OF
241	242	PARENT_OF
240	241	PARENT_OF
244	245	PARENT_OF
243	244	PARENT_OF
247	248	PARENT_OF
246	247	PARENT_OF
250	251	PARENT_OF
249	250	PARENT_OF
246	249	PARENT_OF
243	246	PARENT_OF
240	243	PARENT_OF
237	240	PARENT_OF
219	237	PARENT_OF
253	254	PARENT_OF
252	253	PARENT_OF
219	252	PARENT_OF
256	257	PARENT_OF
255	256	PARENT_OF
259	260	PARENT_OF
258	259	PARENT_OF
255	258	PARENT_OF
219	255	PARENT_OF
217	219	PARENT_OF
170	217	PARENT_OF
145	170	PARENT_OF
145	261	PARENT_OF
142	145	PARENT_OF
141	142	FILE_OF
263	264	ENTRY
263	265	EXIT
267	268	PARENT_OF
266	267	PARENT_OF
273	274	PARENT_OF
272	273	PARENT_OF
272	275	PARENT_OF
271	272	PARENT_OF
270	271	PARENT_OF
277	278	PARENT_OF
276	277	PARENT_OF
280	281	PARENT_OF
279	280	PARENT_OF
283	284	PARENT_OF
282	283	PARENT_OF
282	285	PARENT_OF
279	282	PARENT_OF
276	279	PARENT_OF
287	288	PARENT_OF
286	287	PARENT_OF
290	291	PARENT_OF
289	290	PARENT_OF
286	289	PARENT_OF
276	286	PARENT_OF
292	293	PARENT_OF
276	292	PARENT_OF
294	295	PARENT_OF
276	294	PARENT_OF
270	276	PARENT_OF
269	270	PARENT_OF
266	269	PARENT_OF
266	296	PARENT_OF
297	298	PARENT_OF
266	297	PARENT_OF
263	266	PARENT_OF
262	263	FILE_OF
300	301	ENTRY
300	302	EXIT
303	304	PARENT_OF
305	306	PARENT_OF
303	305	PARENT_OF
310	311	PARENT_OF
309	310	PARENT_OF
315	316	PARENT_OF
314	315	PARENT_OF
314	317	PARENT_OF
313	314	PARENT_OF
313	318	PARENT_OF
312	313	PARENT_OF
309	312	PARENT_OF
308	309	PARENT_OF
321	322	PARENT_OF
320	321	PARENT_OF
326	327	PARENT_OF
325	326	PARENT_OF
325	328	PARENT_OF
324	325	PARENT_OF
324	329	PARENT_OF
323	324	PARENT_OF
331	332	PARENT_OF
330	331	PARENT_OF
330	333	PARENT_OF
323	330	PARENT_OF
320	323	PARENT_OF
319	320	PARENT_OF
335	336	PARENT_OF
339	340	PARENT_OF
338	339	PARENT_OF
338	341	PARENT_OF
337	338	PARENT_OF
337	342	PARENT_OF
335	337	PARENT_OF
334	335	PARENT_OF
319	334	PARENT_OF
308	319	PARENT_OF
307	308	PARENT_OF
343	344	PARENT_OF
346	347	PARENT_OF
345	346	PARENT_OF
343	345	PARENT_OF
307	343	PARENT_OF
303	307	PARENT_OF
303	348	PARENT_OF
349	350	PARENT_OF
303	349	PARENT_OF
300	303	PARENT_OF
299	300	FILE_OF
352	353	ENTRY
352	354	EXIT
355	356	PARENT_OF
357	358	PARENT_OF
355	357	PARENT_OF
362	363	PARENT_OF
361	362	PARENT_OF
361	364	PARENT_OF
360	361	PARENT_OF
367	368	PARENT_OF
366	367	PARENT_OF
371	372	PARENT_OF
370	371	PARENT_OF
370	373	PARENT_OF
369	370	PARENT_OF
366	369	PARENT_OF
365	366	PARENT_OF
360	365	PARENT_OF
359	360	PARENT_OF
355	359	PARENT_OF
355	374	PARENT_OF
375	376	PARENT_OF
355	375	PARENT_OF
352	355	PARENT_OF
351	352	FILE_OF
377	141	DIRECTORY_OF
377	262	DIRECTORY_OF
377	299	DIRECTORY_OF
377	351	DIRECTORY_OF
379	380	ENTRY
379	381	EXIT
385	386	PARENT_OF
384	385	PARENT_OF
387	388	PARENT_OF
384	387	PARENT_OF
383	384	PARENT_OF
382	383	PARENT_OF
393	394	PARENT_OF
392	393	PARENT_OF
392	395	PARENT_OF
391	392	PARENT_OF
391	396	PARENT_OF
390	391	PARENT_OF
398	399	PARENT_OF
397	398	PARENT_OF
390	397	PARENT_OF
389	390	PARENT_OF
382	389	PARENT_OF
400	401	PARENT_OF
382	400	PARENT_OF
402	403	PARENT_OF
382	402	PARENT_OF
405	406	PARENT_OF
404	405	PARENT_OF
408	409	PARENT_OF
407	408	PARENT_OF
410	411	PARENT_OF
407	410	PARENT_OF
404	407	PARENT_OF
382	404	PARENT_OF
413	414	PARENT_OF
412	413	PARENT_OF
416	417	PARENT_OF
415	416	PARENT_OF
415	418	PARENT_OF
412	415	PARENT_OF
382	412	PARENT_OF
420	421	PARENT_OF
419	420	PARENT_OF
423	424	PARENT_OF
422	423	PARENT_OF
425	426	PARENT_OF
427	428	PARENT_OF
425	427	PARENT_OF
422	425	PARENT_OF
419	422	PARENT_OF
382	419	PARENT_OF
433	434	PARENT_OF
432	433	PARENT_OF
436	437	PARENT_OF
435	436	PARENT_OF
432	435	PARENT_OF
431	432	PARENT_OF
430	431	PARENT_OF
440	441	PARENT_OF
439	440	PARENT_OF
439	442	PARENT_OF
438	439	PARENT_OF
444	445	PARENT_OF
443	444	PARENT_OF
448	449	PARENT_OF
447	448	PARENT_OF
447	450	PARENT_OF
446	447	PARENT_OF
443	446	PARENT_OF
438	443	PARENT_OF
452	453	PARENT_OF
451	452	PARENT_OF
456	457	PARENT_OF
455	456	PARENT_OF
455	458	PARENT_OF
454	455	PARENT_OF
451	454	PARENT_OF
438	451	PARENT_OF
460	461	PARENT_OF
459	460	PARENT_OF
463	464	PARENT_OF
462	463	PARENT_OF
462	465	PARENT_OF
459	462	PARENT_OF
438	459	PARENT_OF
467	468	PARENT_OF
466	467	PARENT_OF
470	471	PARENT_OF
469	470	PARENT_OF
466	469	PARENT_OF
438	466	PARENT_OF
472	473	PARENT_OF
438	472	PARENT_OF
430	438	PARENT_OF
429	430	PARENT_OF
382	429	PARENT_OF
379	382	PARENT_OF
378	379	FILE_OF
475	476	ENTRY
475	477	EXIT
480	481	PARENT_OF
479	480	PARENT_OF
479	482	PARENT_OF
478	479	PARENT_OF
485	486	PARENT_OF
484	485	PARENT_OF
488	489	PARENT_OF
490	491	PARENT_OF
488	490	PARENT_OF
487	488	PARENT_OF
484	487	PARENT_OF
483	484	PARENT_OF
478	483	PARENT_OF
494	495	PARENT_OF
493	494	PARENT_OF
497	498	PARENT_OF
499	500	PARENT_OF
497	499	PARENT_OF
496	497	PARENT_OF
493	496	PARENT_OF
492	493	PARENT_OF
478	492	PARENT_OF
502	503	PARENT_OF
501	502	PARENT_OF
501	504	PARENT_OF
478	501	PARENT_OF
509	510	PARENT_OF
508	509	PARENT_OF
511	512	PARENT_OF
508	511	PARENT_OF
507	508	PARENT_OF
506	507	PARENT_OF
515	516	PARENT_OF
514	515	PARENT_OF
518	519	PARENT_OF
517	518	PARENT_OF
520	521	PARENT_OF
517	520	PARENT_OF
514	517	PARENT_OF
513	514	PARENT_OF
523	524	PARENT_OF
522	523	PARENT_OF
526	527	PARENT_OF
525	526	PARENT_OF
522	525	PARENT_OF
513	522	PARENT_OF
506	513	PARENT_OF
505	506	PARENT_OF
528	529	PARENT_OF
535	536	PARENT_OF
534	535	PARENT_OF
537	538	PARENT_OF
534	537	PARENT_OF
533	534	PARENT_OF
532	533	PARENT_OF
542	543	PARENT_OF
541	542	PARENT_OF
544	545	PARENT_OF
541	544	PARENT_OF
540	541	PARENT_OF
539	540	PARENT_OF
532	539	PARENT_OF
531	532	PARENT_OF
548	549	PARENT_OF
547	548	PARENT_OF
551	552	PARENT_OF
550	551	PARENT_OF
553	554	PARENT_OF
550	553	PARENT_OF
547	550	PARENT_OF
546	547	PARENT_OF
556	557	PARENT_OF
555	556	PARENT_OF
555	558	PARENT_OF
546	555	PARENT_OF
563	564	PARENT_OF
562	563	PARENT_OF
565	566	PARENT_OF
562	565	PARENT_OF
561	562	PARENT_OF
560	561	PARENT_OF
569	570	PARENT_OF
568	569	PARENT_OF
572	573	PARENT_OF
571	572	PARENT_OF
574	575	PARENT_OF
571	574	PARENT_OF
568	571	PARENT_OF
567	568	PARENT_OF
560	567	PARENT_OF
559	560	PARENT_OF
546	559	PARENT_OF
577	578	PARENT_OF
576	577	PARENT_OF
580	581	PARENT_OF
579	580	PARENT_OF
583	584	PARENT_OF
582	583	PARENT_OF
585	586	PARENT_OF
582	585	PARENT_OF
579	582	PARENT_OF
576	579	PARENT_OF
546	576	PARENT_OF
588	589	PARENT_OF
587	588	PARENT_OF
587	590	PARENT_OF
546	587	PARENT_OF
592	593	PARENT_OF
591	592	PARENT_OF
595	596	PARENT_OF
594	595	PARENT_OF
591	594	PARENT_OF
546	591	PARENT_OF
531	546	PARENT_OF
530	531	PARENT_OF
528	530	PARENT_OF
505	528	PARENT_OF
478	505	PARENT_OF
597	598	PARENT_OF
478	597	PARENT_OF
599	600	ENTRY
599	601	EXIT
604	605	PARENT_OF
603	604	PARENT_OF
603	606	PARENT_OF
603	607	PARENT_OF
602	603	PARENT_OF
599	602	PARENT_OF
599	608	PARENT_OF
613	614	PARENT_OF
612	613	PARENT_OF
615	616	PARENT_OF
612	615	PARENT_OF
611	612	PARENT_OF
619	620	PARENT_OF
618	619	PARENT_OF
622	623	PARENT_OF
621	622	PARENT_OF
624	625	PARENT_OF
621	624	PARENT_OF
618	621	PARENT_OF
617	618	PARENT_OF
627	628	PARENT_OF
626	627	PARENT_OF
626	629	PARENT_OF
631	632	PARENT_OF
630	631	PARENT_OF
626	630	PARENT_OF
617	626	PARENT_OF
611	617	PARENT_OF
610	611	PARENT_OF
635	636	PARENT_OF
634	635	PARENT_OF
637	638	PARENT_OF
634	637	PARENT_OF
633	634	PARENT_OF
641	642	PARENT_OF
640	641	PARENT_OF
643	644	PARENT_OF
647	648	PARENT_OF
646	647	PARENT_OF
646	649	PARENT_OF
645	646	PARENT_OF
643	645	PARENT_OF
640	643	PARENT_OF
639	640	PARENT_OF
633	639	PARENT_OF
610	633	PARENT_OF
652	653	PARENT_OF
651	652	PARENT_OF
654	655	PARENT_OF
651	654	PARENT_OF
650	651	PARENT_OF
658	659	PARENT_OF
657	658	PARENT_OF
660	661	PARENT_OF
662	663	PARENT_OF
660	662	PARENT_OF
657	660	PARENT_OF
656	657	PARENT_OF
650	656	PARENT_OF
610	650	PARENT_OF
664	665	PARENT_OF
669	670	PARENT_OF
668	669	PARENT_OF
671	672	PARENT_OF
668	671	PARENT_OF
667	668	PARENT_OF
675	676	PARENT_OF
674	675	PARENT_OF
674	677	PARENT_OF
673	674	PARENT_OF
679	680	PARENT_OF
678	679	PARENT_OF
682	683	PARENT_OF
681	682	PARENT_OF
684	685	PARENT_OF
681	684	PARENT_OF
678	681	PARENT_OF
673	678	PARENT_OF
687	688	PARENT_OF
686	687	PARENT_OF
690	691	PARENT_OF
689	690	PARENT_OF
689	692	PARENT_OF
686	689	PARENT_OF
673	686	PARENT_OF
694	695	PARENT_OF
693	694	PARENT_OF
693	696	PARENT_OF
673	693	PARENT_OF
667	673	PARENT_OF
666	667	PARENT_OF
697	698	PARENT_OF
702	703	PARENT_OF
701	702	PARENT_OF
704	705	PARENT_OF
701	704	PARENT_OF
700	701	PARENT_OF
708	709	PARENT_OF
707	708	PARENT_OF
711	712	PARENT_OF
710	711	PARENT_OF
707	710	PARENT_OF
706	707	PARENT_OF
700	706	PARENT_OF
699	700	PARENT_OF
697	699	PARENT_OF
666	697	PARENT_OF
664	666	PARENT_OF
610	664	PARENT_OF
609	610	PARENT_OF
599	609	PARENT_OF
599	713	PARENT_OF
478	599	PARENT_OF
475	478	PARENT_OF
474	475	FILE_OF
714	378	DIRECTORY_OF
714	474	DIRECTORY_OF
716	717	ENTRY
716	718	EXIT
721	722	PARENT_OF
720	721	PARENT_OF
724	725	PARENT_OF
724	726	PARENT_OF
723	724	PARENT_OF
727	728	PARENT_OF
727	729	PARENT_OF
723	727	PARENT_OF
720	723	PARENT_OF
719	720	PARENT_OF
731	732	PARENT_OF
730	731	PARENT_OF
730	733	PARENT_OF
719	730	PARENT_OF
735	736	PARENT_OF
734	735	PARENT_OF
737	738	PARENT_OF
734	737	PARENT_OF
734	739	PARENT_OF
745	746	PARENT_OF
744	745	PARENT_OF
744	747	PARENT_OF
743	744	PARENT_OF
748	749	PARENT_OF
743	748	PARENT_OF
742	743	PARENT_OF
751	752	PARENT_OF
750	751	PARENT_OF
750	753	PARENT_OF
742	750	PARENT_OF
741	742	PARENT_OF
740	741	PARENT_OF
734	740	PARENT_OF
719	734	PARENT_OF
757	758	PARENT_OF
756	757	PARENT_OF
756	759	PARENT_OF
755	756	PARENT_OF
762	763	PARENT_OF
761	762	PARENT_OF
764	765	PARENT_OF
761	764	PARENT_OF
760	761	PARENT_OF
766	767	PARENT_OF
760	766	PARENT_OF
755	760	PARENT_OF
754	755	PARENT_OF
719	754	PARENT_OF
768	769	ENTRY
768	770	EXIT
772	773	PARENT_OF
772	774	PARENT_OF
772	775	PARENT_OF
771	772	PARENT_OF
776	777	PARENT_OF
776	778	PARENT_OF
776	779	PARENT_OF
771	776	PARENT_OF
780	781	PARENT_OF
780	782	PARENT_OF
780	783	PARENT_OF
771	780	PARENT_OF
784	785	PARENT_OF
784	786	PARENT_OF
784	787	PARENT_OF
771	784	PARENT_OF
788	789	PARENT_OF
788	790	PARENT_OF
788	791	PARENT_OF
771	788	PARENT_OF
768	771	PARENT_OF
768	792	PARENT_OF
798	799	PARENT_OF
797	798	PARENT_OF
797	800	PARENT_OF
796	797	PARENT_OF
796	801	PARENT_OF
795	796	PARENT_OF
805	806	PARENT_OF
804	805	PARENT_OF
804	807	PARENT_OF
803	804	PARENT_OF
809	810	PARENT_OF
808	809	PARENT_OF
808	811	PARENT_OF
803	808	PARENT_OF
802	803	PARENT_OF
795	802	PARENT_OF
794	795	PARENT_OF
812	813	PARENT_OF
821	822	PARENT_OF
823	824	PARENT_OF
821	823	PARENT_OF
820	821	PARENT_OF
820	825	PARENT_OF
819	820	PARENT_OF
826	827	PARENT_OF
819	826	PARENT_OF
818	819	PARENT_OF
818	828	PARENT_OF
817	818	PARENT_OF
829	830	PARENT_OF
817	829	PARENT_OF
816	817	PARENT_OF
816	831	PARENT_OF
815	816	PARENT_OF
814	815	PARENT_OF
812	814	PARENT_OF
794	812	PARENT_OF
793	794	PARENT_OF
768	793	PARENT_OF
768	832	PARENT_OF
719	768	PARENT_OF
834	835	PARENT_OF
833	834	PARENT_OF
836	837	PARENT_OF
833	836	PARENT_OF
719	833	PARENT_OF
839	840	PARENT_OF
838	839	PARENT_OF
844	845	PARENT_OF
843	844	PARENT_OF
843	846	PARENT_OF
842	843	PARENT_OF
841	842	PARENT_OF
848	849	PARENT_OF
847	848	PARENT_OF
847	850	PARENT_OF
841	847	PARENT_OF
841	851	PARENT_OF
838	841	PARENT_OF
719	838	PARENT_OF
853	854	PARENT_OF
852	853	PARENT_OF
858	859	PARENT_OF
857	858	PARENT_OF
857	860	PARENT_OF
856	857	PARENT_OF
855	856	PARENT_OF
862	863	PARENT_OF
861	862	PARENT_OF
861	864	PARENT_OF
855	861	PARENT_OF
855	865	PARENT_OF
852	855	PARENT_OF
719	852	PARENT_OF
869	870	PARENT_OF
868	869	PARENT_OF
868	871	PARENT_OF
867	868	PARENT_OF
876	877	PARENT_OF
875	876	PARENT_OF
879	880	PARENT_OF
878	879	PARENT_OF
875	878	PARENT_OF
874	875	PARENT_OF
883	884	PARENT_OF
882	883	PARENT_OF
886	887	PARENT_OF
885	886	PARENT_OF
888	889	PARENT_OF
890	891	PARENT_OF
888	890	PARENT_OF
885	888	PARENT_OF
882	885	PARENT_OF
881	882	PARENT_OF
893	894	PARENT_OF
892	893	PARENT_OF
896	897	PARENT_OF
895	896	PARENT_OF
900	901	PARENT_OF
899	900	PARENT_OF
903	904	PARENT_OF
902	903	PARENT_OF
899	902	PARENT_OF
898	899	PARENT_OF
898	905	PARENT_OF
895	898	PARENT_OF
892	895	PARENT_OF
881	892	PARENT_OF
907	908	PARENT_OF
906	907	PARENT_OF
909	910	PARENT_OF
906	909	PARENT_OF
881	906	PARENT_OF
912	913	PARENT_OF
911	912	PARENT_OF
915	916	PARENT_OF
918	919	PARENT_OF
917	918	PARENT_OF
921	922	PARENT_OF
920	921	PARENT_OF
917	920	PARENT_OF
915	917	PARENT_OF
914	915	PARENT_OF
911	914	PARENT_OF
881	911	PARENT_OF
924	925	PARENT_OF
923	924	PARENT_OF
928	929	PARENT_OF
930	931	PARENT_OF
928	930	PARENT_OF
927	928	PARENT_OF
927	932	PARENT_OF
926	927	PARENT_OF
923	926	PARENT_OF
881	923	PARENT_OF
934	935	PARENT_OF
933	934	PARENT_OF
937	938	PARENT_OF
936	937	PARENT_OF
933	936	PARENT_OF
881	933	PARENT_OF
939	940	PARENT_OF
881	939	PARENT_OF
874	881	PARENT_OF
873	874	PARENT_OF
872	873	PARENT_OF
867	872	PARENT_OF
866	867	PARENT_OF
719	866	PARENT_OF
719	941	PARENT_OF
942	943	PARENT_OF
719	942	PARENT_OF
946	947	PARENT_OF
945	946	PARENT_OF
945	948	PARENT_OF
944	945	PARENT_OF
719	944	PARENT_OF
949	950	PARENT_OF
719	949	PARENT_OF
952	953	PARENT_OF
951	952	PARENT_OF
955	956	PARENT_OF
954	955	PARENT_OF
958	959	PARENT_OF
957	958	PARENT_OF
954	957	PARENT_OF
951	954	PARENT_OF
719	951	PARENT_OF
961	962	PARENT_OF
960	961	PARENT_OF
966	967	PARENT_OF
965	966	PARENT_OF
969	970	PARENT_OF
968	969	PARENT_OF
971	972	PARENT_OF
968	971	PARENT_OF
965	968	PARENT_OF
964	965	PARENT_OF
964	973	PARENT_OF
963	964	PARENT_OF
963	974	PARENT_OF
963	975	PARENT_OF
960	963	PARENT_OF
719	960	PARENT_OF
977	978	PARENT_OF
976	977	PARENT_OF
980	981	PARENT_OF
979	980	PARENT_OF
982	983	PARENT_OF
984	985	PARENT_OF
982	984	PARENT_OF
979	982	PARENT_OF
976	979	PARENT_OF
719	976	PARENT_OF
988	989	PARENT_OF
991	992	PARENT_OF
990	991	PARENT_OF
990	993	PARENT_OF
988	990	PARENT_OF
987	988	PARENT_OF
987	994	PARENT_OF
986	987	PARENT_OF
719	986	PARENT_OF
996	997	PARENT_OF
995	996	PARENT_OF
995	998	PARENT_OF
719	995	PARENT_OF
1000	1001	PARENT_OF
999	1000	PARENT_OF
1002	1003	PARENT_OF
999	1002	PARENT_OF
999	1004	PARENT_OF
1009	1010	PARENT_OF
1008	1009	PARENT_OF
1008	1011	PARENT_OF
1007	1008	PARENT_OF
1014	1015	PARENT_OF
1013	1014	PARENT_OF
1017	1018	PARENT_OF
1016	1017	PARENT_OF
1016	1019	PARENT_OF
1013	1016	PARENT_OF
1012	1013	PARENT_OF
1024	1025	PARENT_OF
1027	1028	PARENT_OF
1026	1027	PARENT_OF
1026	1029	PARENT_OF
1024	1026	PARENT_OF
1023	1024	PARENT_OF
1023	1030	PARENT_OF
1022	1023	PARENT_OF
1032	1033	PARENT_OF
1031	1032	PARENT_OF
1035	1036	PARENT_OF
1034	1035	PARENT_OF
1031	1034	PARENT_OF
1022	1031	PARENT_OF
1021	1022	PARENT_OF
1037	1038	PARENT_OF
1039	1040	PARENT_OF
1037	1039	PARENT_OF
1037	1041	PARENT_OF
1021	1037	PARENT_OF
1020	1021	PARENT_OF
1012	1020	PARENT_OF
1007	1012	PARENT_OF
1006	1007	PARENT_OF
1005	1006	PARENT_OF
999	1005	PARENT_OF
719	999	PARENT_OF
1042	1043	PARENT_OF
719	1042	PARENT_OF
1045	1046	PARENT_OF
1044	1045	PARENT_OF
1044	1047	PARENT_OF
719	1044	PARENT_OF
1051	1052	PARENT_OF
1050	1051	PARENT_OF
1050	1053	PARENT_OF
1049	1050	PARENT_OF
1048	1049	PARENT_OF
1056	1057	PARENT_OF
1055	1056	PARENT_OF
1060	1061	PARENT_OF
1059	1060	PARENT_OF
1063	1064	PARENT_OF
1062	1063	PARENT_OF
1059	1062	PARENT_OF
1058	1059	PARENT_OF
1058	1065	PARENT_OF
1055	1058	PARENT_OF
1054	1055	PARENT_OF
1048	1054	PARENT_OF
1068	1069	PARENT_OF
1067	1068	PARENT_OF
1066	1067	PARENT_OF
1048	1066	PARENT_OF
1072	1073	PARENT_OF
1071	1072	PARENT_OF
1076	1077	PARENT_OF
1075	1076	PARENT_OF
1078	1079	PARENT_OF
1075	1078	PARENT_OF
1074	1075	PARENT_OF
1074	1080	PARENT_OF
1071	1074	PARENT_OF
1070	1071	PARENT_OF
1048	1070	PARENT_OF
719	1048	PARENT_OF
1081	1082	PARENT_OF
719	1081	PARENT_OF
1083	1084	PARENT_OF
719	1083	PARENT_OF
1087	1088	PARENT_OF
1090	1091	PARENT_OF
1089	1090	PARENT_OF
1089	1092	PARENT_OF
1087	1089	PARENT_OF
1086	1087	PARENT_OF
1093	1094	PARENT_OF
1095	1096	PARENT_OF
1093	1095	PARENT_OF
1093	1097	PARENT_OF
1086	1093	PARENT_OF
1085	1086	PARENT_OF
719	1085	PARENT_OF
1099	1100	PARENT_OF
1098	1099	PARENT_OF
1098	1101	PARENT_OF
719	1098	PARENT_OF
1103	1104	PARENT_OF
1102	1103	PARENT_OF
1102	1105	PARENT_OF
719	1102	PARENT_OF
1109	1110	PARENT_OF
1108	1109	PARENT_OF
1113	1114	PARENT_OF
1112	1113	PARENT_OF
1116	1117	PARENT_OF
1115	1116	PARENT_OF
1112	1115	PARENT_OF
1111	1112	PARENT_OF
1108	1111	PARENT_OF
1107	1108	PARENT_OF
1121	1122	PARENT_OF
1120	1121	PARENT_OF
1124	1125	PARENT_OF
1123	1124	PARENT_OF
1127	1128	PARENT_OF
1126	1127	PARENT_OF
1123	1126	PARENT_OF
1120	1123	PARENT_OF
1119	1120	PARENT_OF
1134	1135	PARENT_OF
1133	1134	PARENT_OF
1133	1136	PARENT_OF
1132	1133	PARENT_OF
1138	1139	PARENT_OF
1137	1138	PARENT_OF
1137	1140	PARENT_OF
1132	1137	PARENT_OF
1131	1132	PARENT_OF
1141	1142	PARENT_OF
1131	1141	PARENT_OF
1130	1131	PARENT_OF
1129	1130	PARENT_OF
1148	1149	PARENT_OF
1147	1148	PARENT_OF
1152	1153	PARENT_OF
1151	1152	PARENT_OF
1154	1155	PARENT_OF
1151	1154	PARENT_OF
1150	1151	PARENT_OF
1147	1150	PARENT_OF
1146	1147	PARENT_OF
1145	1146	PARENT_OF
1145	1156	PARENT_OF
1144	1145	PARENT_OF
1160	1161	PARENT_OF
1159	1160	PARENT_OF
1159	1162	PARENT_OF
1158	1159	PARENT_OF
1164	1165	PARENT_OF
1163	1164	PARENT_OF
1163	1166	PARENT_OF
1158	1163	PARENT_OF
1157	1158	PARENT_OF
1144	1157	PARENT_OF
1143	1144	PARENT_OF
1167	1168	PARENT_OF
1172	1173	PARENT_OF
1171	1172	PARENT_OF
1171	1174	PARENT_OF
1170	1171	PARENT_OF
1175	1176	PARENT_OF
1170	1175	PARENT_OF
1169	1170	PARENT_OF
1167	1169	PARENT_OF
1143	1167	PARENT_OF
1129	1143	PARENT_OF
1119	1129	PARENT_OF
1118	1119	PARENT_OF
1179	1180	PARENT_OF
1178	1179	PARENT_OF
1182	1183	PARENT_OF
1181	1182	PARENT_OF
1178	1181	PARENT_OF
1177	1178	PARENT_OF
1118	1177	PARENT_OF
1186	1187	PARENT_OF
1185	1186	PARENT_OF
1189	1190	PARENT_OF
1188	1189	PARENT_OF
1185	1188	PARENT_OF
1184	1185	PARENT_OF
1118	1184	PARENT_OF
1192	1193	PARENT_OF
1191	1192	PARENT_OF
1194	1195	PARENT_OF
1191	1194	PARENT_OF
1191	1196	PARENT_OF
1205	1206	PARENT_OF
1208	1209	PARENT_OF
1207	1208	PARENT_OF
1207	1210	PARENT_OF
1205	1207	PARENT_OF
1204	1205	PARENT_OF
1204	1211	PARENT_OF
1203	1204	PARENT_OF
1213	1214	PARENT_OF
1212	1213	PARENT_OF
1217	1218	PARENT_OF
1216	1217	PARENT_OF
1219	1220	PARENT_OF
1216	1219	PARENT_OF
1215	1216	PARENT_OF
1212	1215	PARENT_OF
1203	1212	PARENT_OF
1202	1203	PARENT_OF
1202	1221	PARENT_OF
1201	1202	PARENT_OF
1222	1223	PARENT_OF
1201	1222	PARENT_OF
1200	1201	PARENT_OF
1200	1224	PARENT_OF
1199	1200	PARENT_OF
1199	1225	PARENT_OF
1198	1199	PARENT_OF
1197	1198	PARENT_OF
1191	1197	PARENT_OF
1118	1191	PARENT_OF
1227	1228	PARENT_OF
1226	1227	PARENT_OF
1229	1230	PARENT_OF
1226	1229	PARENT_OF
1226	1231	PARENT_OF
1242	1243	PARENT_OF
1245	1246	PARENT_OF
1244	1245	PARENT_OF
1244	1247	PARENT_OF
1242	1244	PARENT_OF
1241	1242	PARENT_OF
1241	1248	PARENT_OF
1240	1241	PARENT_OF
1250	1251	PARENT_OF
1249	1250	PARENT_OF
1254	1255	PARENT_OF
1253	1254	PARENT_OF
1256	1257	PARENT_OF
1253	1256	PARENT_OF
1252	1253	PARENT_OF
1249	1252	PARENT_OF
1240	1249	PARENT_OF
1239	1240	PARENT_OF
1239	1258	PARENT_OF
1238	1239	PARENT_OF
1259	1260	PARENT_OF
1238	1259	PARENT_OF
1237	1238	PARENT_OF
1237	1261	PARENT_OF
1236	1237	PARENT_OF
1236	1262	PARENT_OF
1235	1236	PARENT_OF
1264	1265	PARENT_OF
1263	1264	PARENT_OF
1269	1270	PARENT_OF
1268	1269	PARENT_OF
1273	1274	PARENT_OF
1272	1273	PARENT_OF
1275	1276	PARENT_OF
1272	1275	PARENT_OF
1271	1272	PARENT_OF
1268	1271	PARENT_OF
1267	1268	PARENT_OF
1266	1267	PARENT_OF
1263	1266	PARENT_OF
1235	1263	PARENT_OF
1234	1235	PARENT_OF
1234	1277	PARENT_OF
1233	1234	PARENT_OF
1232	1233	PARENT_OF
1226	1232	PARENT_OF
1118	1226	PARENT_OF
1107	1118	PARENT_OF
1106	1107	PARENT_OF
1278	1279	PARENT_OF
1281	1282	PARENT_OF
1280	1281	PARENT_OF
1278	1280	PARENT_OF
1106	1278	PARENT_OF
719	1106	PARENT_OF
719	1283	PARENT_OF
1284	1285	PARENT_OF
719	1284	PARENT_OF
716	719	PARENT_OF
715	716	FILE_OF
1287	1288	ENTRY
1287	1289	EXIT
1292	1293	PARENT_OF
1291	1292	PARENT_OF
1295	1296	PARENT_OF
1295	1297	PARENT_OF
1294	1295	PARENT_OF
1298	1299	PARENT_OF
1298	1300	PARENT_OF
1294	1298	PARENT_OF
1291	1294	PARENT_OF
1290	1291	PARENT_OF
1302	1303	PARENT_OF
1301	1302	PARENT_OF
1305	1306	PARENT_OF
1305	1307	PARENT_OF
1304	1305	PARENT_OF
1308	1309	PARENT_OF
1308	1310	PARENT_OF
1304	1308	PARENT_OF
1311	1312	PARENT_OF
1311	1313	PARENT_OF
1304	1311	PARENT_OF
1301	1304	PARENT_OF
1290	1301	PARENT_OF
1315	1316	PARENT_OF
1314	1315	PARENT_OF
1314	1317	PARENT_OF
1290	1314	PARENT_OF
1319	1320	PARENT_OF
1318	1319	PARENT_OF
1321	1322	PARENT_OF
1318	1321	PARENT_OF
1318	1323	PARENT_OF
1329	1330	PARENT_OF
1328	1329	PARENT_OF
1328	1331	PARENT_OF
1327	1328	PARENT_OF
1332	1333	PARENT_OF
1327	1332	PARENT_OF
1326	1327	PARENT_OF
1335	1336	PARENT_OF
1334	1335	PARENT_OF
1334	1337	PARENT_OF
1326	1334	PARENT_OF
1325	1326	PARENT_OF
1324	1325	PARENT_OF
1318	1324	PARENT_OF
1290	1318	PARENT_OF
1341	1342	PARENT_OF
1340	1341	PARENT_OF
1340	1343	PARENT_OF
1339	1340	PARENT_OF
1346	1347	PARENT_OF
1345	1346	PARENT_OF
1348	1349	PARENT_OF
1345	1348	PARENT_OF
1344	1345	PARENT_OF
1350	1351	PARENT_OF
1344	1350	PARENT_OF
1339	1344	PARENT_OF
1338	1339	PARENT_OF
1290	1338	PARENT_OF
1352	1353	ENTRY
1352	1354	EXIT
1356	1357	PARENT_OF
1356	1358	PARENT_OF
1356	1359	PARENT_OF
1355	1356	PARENT_OF
1360	1361	PARENT_OF
1360	1362	PARENT_OF
1360	1363	PARENT_OF
1355	1360	PARENT_OF
1364	1365	PARENT_OF
1364	1366	PARENT_OF
1364	1367	PARENT_OF
1355	1364	PARENT_OF
1368	1369	PARENT_OF
1368	1370	PARENT_OF
1368	1371	PARENT_OF
1355	1368	PARENT_OF
1372	1373	PARENT_OF
1372	1374	PARENT_OF
1372	1375	PARENT_OF
1355	1372	PARENT_OF
1352	1355	PARENT_OF
1352	1376	PARENT_OF
1382	1383	PARENT_OF
1381	1382	PARENT_OF
1381	1384	PARENT_OF
1380	1381	PARENT_OF
1380	1385	PARENT_OF
1379	1380	PARENT_OF
1389	1390	PARENT_OF
1388	1389	PARENT_OF
1388	1391	PARENT_OF
1387	1388	PARENT_OF
1393	1394	PARENT_OF
1392	1393	PARENT_OF
1392	1395	PARENT_OF
1387	1392	PARENT_OF
1386	1387	PARENT_OF
1379	1386	PARENT_OF
1378	1379	PARENT_OF
1396	1397	PARENT_OF
1405	1406	PARENT_OF
1407	1408	PARENT_OF
1405	1407	PARENT_OF
1404	1405	PARENT_OF
1404	1409	PARENT_OF
1403	1404	PARENT_OF
1410	1411	PARENT_OF
1403	1410	PARENT_OF
1402	1403	PARENT_OF
1402	1412	PARENT_OF
1401	1402	PARENT_OF
1413	1414	PARENT_OF
1401	1413	PARENT_OF
1400	1401	PARENT_OF
1400	1415	PARENT_OF
1399	1400	PARENT_OF
1398	1399	PARENT_OF
1396	1398	PARENT_OF
1378	1396	PARENT_OF
1377	1378	PARENT_OF
1352	1377	PARENT_OF
1352	1416	PARENT_OF
1290	1352	PARENT_OF
1418	1419	PARENT_OF
1417	1418	PARENT_OF
1420	1421	PARENT_OF
1417	1420	PARENT_OF
1290	1417	PARENT_OF
1422	1423	ENTRY
1422	1424	EXIT
1422	1425	PARENT_OF
1422	1426	PARENT_OF
1429	1430	PARENT_OF
1428	1429	PARENT_OF
1434	1435	PARENT_OF
1433	1434	PARENT_OF
1432	1433	PARENT_OF
1432	1436	PARENT_OF
1431	1432	PARENT_OF
1428	1431	PARENT_OF
1427	1428	PARENT_OF
1441	1442	PARENT_OF
1440	1441	PARENT_OF
1444	1445	PARENT_OF
1443	1444	PARENT_OF
1443	1446	PARENT_OF
1440	1443	PARENT_OF
1439	1440	PARENT_OF
1438	1439	PARENT_OF
1448	1449	PARENT_OF
1447	1448	PARENT_OF
1452	1453	PARENT_OF
1451	1452	PARENT_OF
1451	1454	PARENT_OF
1450	1451	PARENT_OF
1450	1455	PARENT_OF
1458	1459	PARENT_OF
1457	1458	PARENT_OF
1457	1460	PARENT_OF
1456	1457	PARENT_OF
1456	1461	PARENT_OF
1450	1456	PARENT_OF
1450	1462	PARENT_OF
1447	1450	PARENT_OF
1438	1447	PARENT_OF
1437	1438	PARENT_OF
1427	1437	PARENT_OF
1464	1465	PARENT_OF
1463	1464	PARENT_OF
1463	1466	PARENT_OF
1427	1463	PARENT_OF
1422	1427	PARENT_OF
1422	1467	PARENT_OF
1290	1422	PARENT_OF
1468	1469	ENTRY
1468	1470	EXIT
1472	1473	PARENT_OF
1472	1474	PARENT_OF
1472	1475	PARENT_OF
1471	1472	PARENT_OF
1468	1471	PARENT_OF
1468	1476	PARENT_OF
1481	1482	PARENT_OF
1480	1481	PARENT_OF
1484	1485	PARENT_OF
1483	1484	PARENT_OF
1480	1483	PARENT_OF
1479	1480	PARENT_OF
1488	1489	PARENT_OF
1487	1488	PARENT_OF
1490	1491	PARENT_OF
1492	1493	PARENT_OF
1490	1492	PARENT_OF
1487	1490	PARENT_OF
1486	1487	PARENT_OF
1479	1486	PARENT_OF
1478	1479	PARENT_OF
1494	1495	PARENT_OF
1498	1499	PARENT_OF
1497	1498	PARENT_OF
1501	1502	PARENT_OF
1500	1501	PARENT_OF
1497	1500	PARENT_OF
1496	1497	PARENT_OF
1494	1496	PARENT_OF
1478	1494	PARENT_OF
1477	1478	PARENT_OF
1468	1477	PARENT_OF
1468	1503	PARENT_OF
1290	1468	PARENT_OF
1507	1508	PARENT_OF
1506	1507	PARENT_OF
1506	1509	PARENT_OF
1505	1506	PARENT_OF
1511	1512	PARENT_OF
1510	1511	PARENT_OF
1514	1515	PARENT_OF
1513	1514	PARENT_OF
1517	1518	PARENT_OF
1516	1517	PARENT_OF
1513	1516	PARENT_OF
1510	1513	PARENT_OF
1505	1510	PARENT_OF
1504	1505	PARENT_OF
1290	1504	PARENT_OF
1520	1521	PARENT_OF
1519	1520	PARENT_OF
1525	1526	PARENT_OF
1524	1525	PARENT_OF
1524	1527	PARENT_OF
1523	1524	PARENT_OF
1522	1523	PARENT_OF
1529	1530	PARENT_OF
1528	1529	PARENT_OF
1528	1531	PARENT_OF
1522	1528	PARENT_OF
1522	1532	PARENT_OF
1519	1522	PARENT_OF
1290	1519	PARENT_OF
1534	1535	PARENT_OF
1533	1534	PARENT_OF
1539	1540	PARENT_OF
1538	1539	PARENT_OF
1538	1541	PARENT_OF
1537	1538	PARENT_OF
1536	1537	PARENT_OF
1543	1544	PARENT_OF
1542	1543	PARENT_OF
1542	1545	PARENT_OF
1536	1542	PARENT_OF
1536	1546	PARENT_OF
1533	1536	PARENT_OF
1290	1533	PARENT_OF
1548	1549	PARENT_OF
1547	1548	PARENT_OF
1553	1554	PARENT_OF
1552	1553	PARENT_OF
1552	1555	PARENT_OF
1551	1552	PARENT_OF
1550	1551	PARENT_OF
1557	1558	PARENT_OF
1556	1557	PARENT_OF
1556	1559	PARENT_OF
1550	1556	PARENT_OF
1550	1560	PARENT_OF
1547	1550	PARENT_OF
1290	1547	PARENT_OF
1562	1563	PARENT_OF
1561	1562	PARENT_OF
1567	1568	PARENT_OF
1566	1567	PARENT_OF
1566	1569	PARENT_OF
1565	1566	PARENT_OF
1564	1565	PARENT_OF
1571	1572	PARENT_OF
1570	1571	PARENT_OF
1570	1573	PARENT_OF
1564	1570	PARENT_OF
1564	1574	PARENT_OF
1561	1564	PARENT_OF
1290	1561	PARENT_OF
1576	1577	PARENT_OF
1575	1576	PARENT_OF
1581	1582	PARENT_OF
1580	1581	PARENT_OF
1580	1583	PARENT_OF
1579	1580	PARENT_OF
1578	1579	PARENT_OF
1585	1586	PARENT_OF
1584	1585	PARENT_OF
1584	1587	PARENT_OF
1578	1584	PARENT_OF
1578	1588	PARENT_OF
1575	1578	PARENT_OF
1290	1575	PARENT_OF
1590	1591	PARENT_OF
1589	1590	PARENT_OF
1595	1596	PARENT_OF
1594	1595	PARENT_OF
1594	1597	PARENT_OF
1593	1594	PARENT_OF
1592	1593	PARENT_OF
1599	1600	PARENT_OF
1598	1599	PARENT_OF
1598	1601	PARENT_OF
1592	1598	PARENT_OF
1592	1602	PARENT_OF
1589	1592	PARENT_OF
1290	1589	PARENT_OF
1604	1605	PARENT_OF
1603	1604	PARENT_OF
1603	1606	PARENT_OF
1290	1603	PARENT_OF
1611	1612	PARENT_OF
1610	1611	PARENT_OF
1610	1613	PARENT_OF
1609	1610	PARENT_OF
1608	1609	PARENT_OF
1615	1616	PARENT_OF
1614	1615	PARENT_OF
1614	1617	PARENT_OF
1608	1614	PARENT_OF
1607	1608	PARENT_OF
1290	1607	PARENT_OF
1624	1625	PARENT_OF
1623	1624	PARENT_OF
1623	1626	PARENT_OF
1622	1623	PARENT_OF
1621	1622	PARENT_OF
1628	1629	PARENT_OF
1627	1628	PARENT_OF
1631	1632	PARENT_OF
1630	1631	PARENT_OF
1630	1633	PARENT_OF
1627	1630	PARENT_OF
1621	1627	PARENT_OF
1620	1621	PARENT_OF
1636	1637	PARENT_OF
1635	1636	PARENT_OF
1638	1639	PARENT_OF
1635	1638	PARENT_OF
1634	1635	PARENT_OF
1620	1634	PARENT_OF
1619	1620	PARENT_OF
1642	1643	PARENT_OF
1641	1642	PARENT_OF
1641	1644	PARENT_OF
1640	1641	PARENT_OF
1647	1648	PARENT_OF
1646	1647	PARENT_OF
1649	1650	PARENT_OF
1646	1649	PARENT_OF
1645	1646	PARENT_OF
1652	1653	PARENT_OF
1651	1652	PARENT_OF
1654	1655	PARENT_OF
1656	1657	PARENT_OF
1654	1656	PARENT_OF
1651	1654	PARENT_OF
1645	1651	PARENT_OF
1640	1645	PARENT_OF
1619	1640	PARENT_OF
1618	1619	PARENT_OF
1290	1618	PARENT_OF
1663	1664	PARENT_OF
1662	1663	PARENT_OF
1662	1665	PARENT_OF
1661	1662	PARENT_OF
1660	1661	PARENT_OF
1659	1660	PARENT_OF
1668	1669	PARENT_OF
1667	1668	PARENT_OF
1667	1670	PARENT_OF
1666	1667	PARENT_OF
1672	1673	PARENT_OF
1671	1672	PARENT_OF
1666	1671	PARENT_OF
1659	1666	PARENT_OF
1658	1659	PARENT_OF
1290	1658	PARENT_OF
1677	1678	PARENT_OF
1676	1677	PARENT_OF
1676	1679	PARENT_OF
1675	1676	PARENT_OF
1685	1686	PARENT_OF
1684	1685	PARENT_OF
1684	1687	PARENT_OF
1683	1684	PARENT_OF
1682	1683	PARENT_OF
1691	1692	PARENT_OF
1690	1691	PARENT_OF
1690	1693	PARENT_OF
1689	1690	PARENT_OF
1689	1694	PARENT_OF
1688	1689	PARENT_OF
1697	1698	PARENT_OF
1696	1697	PARENT_OF
1696	1699	PARENT_OF
1695	1696	PARENT_OF
1695	1700	PARENT_OF
1688	1695	PARENT_OF
1703	1704	PARENT_OF
1702	1703	PARENT_OF
1702	1705	PARENT_OF
1701	1702	PARENT_OF
1701	1706	PARENT_OF
1688	1701	PARENT_OF
1682	1688	PARENT_OF
1681	1682	PARENT_OF
1680	1681	PARENT_OF
1711	1712	PARENT_OF
1710	1711	PARENT_OF
1709	1710	PARENT_OF
1708	1709	PARENT_OF
1718	1719	PARENT_OF
1717	1718	PARENT_OF
1721	1722	PARENT_OF
1720	1721	PARENT_OF
1724	1725	PARENT_OF
1723	1724	PARENT_OF
1727	1728	PARENT_OF
1726	1727	PARENT_OF
1726	1729	PARENT_OF
1723	1726	PARENT_OF
1720	1723	PARENT_OF
1717	1720	PARENT_OF
1716	1717	PARENT_OF
1731	1732	PARENT_OF
1730	1731	PARENT_OF
1716	1730	PARENT_OF
1715	1716	PARENT_OF
1737	1738	PARENT_OF
1736	1737	PARENT_OF
1736	1739	PARENT_OF
1735	1736	PARENT_OF
1740	1741	PARENT_OF
1735	1740	PARENT_OF
1734	1735	PARENT_OF
1733	1734	PARENT_OF
1715	1733	PARENT_OF
1714	1715	PARENT_OF
1713	1714	PARENT_OF
1743	1744	PARENT_OF
1742	1743	PARENT_OF
1747	1748	PARENT_OF
1746	1747	PARENT_OF
1746	1749	PARENT_OF
1745	1746	PARENT_OF
1750	1751	PARENT_OF
1745	1750	PARENT_OF
1742	1745	PARENT_OF
1713	1742	PARENT_OF
1754	1755	PARENT_OF
1753	1754	PARENT_OF
1753	1756	PARENT_OF
1752	1753	PARENT_OF
1758	1759	PARENT_OF
1760	1761	PARENT_OF
1758	1760	PARENT_OF
1757	1758	PARENT_OF
1757	1762	PARENT_OF
1752	1757	PARENT_OF
1713	1752	PARENT_OF
1766	1767	PARENT_OF
1765	1766	PARENT_OF
1768	1769	PARENT_OF
1770	1771	PARENT_OF
1768	1770	PARENT_OF
1765	1768	PARENT_OF
1764	1765	PARENT_OF
1775	1776	PARENT_OF
1774	1775	PARENT_OF
1774	1777	PARENT_OF
1773	1774	PARENT_OF
1779	1780	PARENT_OF
1778	1779	PARENT_OF
1784	1785	PARENT_OF
1783	1784	PARENT_OF
1783	1786	PARENT_OF
1782	1783	PARENT_OF
1782	1787	PARENT_OF
1781	1782	PARENT_OF
1778	1781	PARENT_OF
1773	1778	PARENT_OF
1772	1773	PARENT_OF
1764	1772	PARENT_OF
1763	1764	PARENT_OF
1790	1791	PARENT_OF
1789	1790	PARENT_OF
1792	1793	PARENT_OF
1794	1795	PARENT_OF
1792	1794	PARENT_OF
1796	1797	PARENT_OF
1792	1796	PARENT_OF
1789	1792	PARENT_OF
1788	1789	PARENT_OF
1804	1805	PARENT_OF
1803	1804	PARENT_OF
1803	1806	PARENT_OF
1802	1803	PARENT_OF
1802	1807	PARENT_OF
1801	1802	PARENT_OF
1801	1808	PARENT_OF
1800	1801	PARENT_OF
1811	1812	PARENT_OF
1810	1811	PARENT_OF
1814	1815	PARENT_OF
1813	1814	PARENT_OF
1813	1816	PARENT_OF
1810	1813	PARENT_OF
1809	1810	PARENT_OF
1800	1809	PARENT_OF
1799	1800	PARENT_OF
1817	1818	PARENT_OF
1821	1822	PARENT_OF
1820	1821	PARENT_OF
1826	1827	PARENT_OF
1825	1826	PARENT_OF
1825	1828	PARENT_OF
1824	1825	PARENT_OF
1824	1829	PARENT_OF
1823	1824	PARENT_OF
1831	1832	PARENT_OF
1830	1831	PARENT_OF
1830	1833	PARENT_OF
1823	1830	PARENT_OF
1820	1823	PARENT_OF
1819	1820	PARENT_OF
1817	1819	PARENT_OF
1799	1817	PARENT_OF
1798	1799	PARENT_OF
1837	1838	PARENT_OF
1836	1837	PARENT_OF
1840	1841	PARENT_OF
1839	1840	PARENT_OF
1839	1842	PARENT_OF
1836	1839	PARENT_OF
1835	1836	PARENT_OF
1844	1845	PARENT_OF
1843	1844	PARENT_OF
1835	1843	PARENT_OF
1834	1835	PARENT_OF
1847	1848	PARENT_OF
1846	1847	PARENT_OF
1850	1851	PARENT_OF
1849	1850	PARENT_OF
1852	1853	PARENT_OF
1852	1854	PARENT_OF
1855	1856	PARENT_OF
1852	1855	PARENT_OF
1849	1852	PARENT_OF
1846	1849	PARENT_OF
1834	1846	PARENT_OF
1798	1834	PARENT_OF
1860	1861	PARENT_OF
1859	1860	PARENT_OF
1863	1864	PARENT_OF
1862	1863	PARENT_OF
1862	1865	PARENT_OF
1859	1862	PARENT_OF
1858	1859	PARENT_OF
1867	1868	PARENT_OF
1866	1867	PARENT_OF
1858	1866	PARENT_OF
1857	1858	PARENT_OF
1870	1871	PARENT_OF
1869	1870	PARENT_OF
1873	1874	PARENT_OF
1872	1873	PARENT_OF
1875	1876	PARENT_OF
1875	1877	PARENT_OF
1878	1879	PARENT_OF
1875	1878	PARENT_OF
1872	1875	PARENT_OF
1869	1872	PARENT_OF
1857	1869	PARENT_OF
1798	1857	PARENT_OF
1882	1883	PARENT_OF
1881	1882	PARENT_OF
1884	1885	PARENT_OF
1886	1887	PARENT_OF
1884	1886	PARENT_OF
1881	1884	PARENT_OF
1880	1881	PARENT_OF
1889	1890	PARENT_OF
1888	1889	PARENT_OF
1892	1893	PARENT_OF
1891	1892	PARENT_OF
1894	1895	PARENT_OF
1894	1896	PARENT_OF
1897	1898	PARENT_OF
1894	1897	PARENT_OF
1891	1894	PARENT_OF
1888	1891	PARENT_OF
1880	1888	PARENT_OF
1798	1880	PARENT_OF
1902	1903	PARENT_OF
1901	1902	PARENT_OF
1901	1904	PARENT_OF
1900	1901	PARENT_OF
1906	1907	PARENT_OF
1905	1906	PARENT_OF
1905	1908	PARENT_OF
1900	1905	PARENT_OF
1899	1900	PARENT_OF
1798	1899	PARENT_OF
1913	1914	PARENT_OF
1912	1913	PARENT_OF
1916	1917	PARENT_OF
1915	1916	PARENT_OF
1912	1915	PARENT_OF
1911	1912	PARENT_OF
1910	1911	PARENT_OF
1921	1922	PARENT_OF
1920	1921	PARENT_OF
1920	1923	PARENT_OF
1919	1920	PARENT_OF
1924	1925	PARENT_OF
1919	1924	PARENT_OF
1918	1919	PARENT_OF
1910	1918	PARENT_OF
1909	1910	PARENT_OF
1926	1927	PARENT_OF
1931	1932	PARENT_OF
1930	1931	PARENT_OF
1930	1933	PARENT_OF
1929	1930	PARENT_OF
1934	1935	PARENT_OF
1936	1937	PARENT_OF
1934	1936	PARENT_OF
1934	1938	PARENT_OF
1929	1934	PARENT_OF
1928	1929	PARENT_OF
1926	1928	PARENT_OF
1909	1926	PARENT_OF
1798	1909	PARENT_OF
1788	1798	PARENT_OF
1763	1788	PARENT_OF
1942	1943	PARENT_OF
1941	1942	PARENT_OF
1945	1946	PARENT_OF
1944	1945	PARENT_OF
1941	1944	PARENT_OF
1940	1941	PARENT_OF
1940	1947	PARENT_OF
1939	1940	PARENT_OF
1950	1951	PARENT_OF
1949	1950	PARENT_OF
1949	1952	PARENT_OF
1948	1949	PARENT_OF
1939	1948	PARENT_OF
1763	1939	PARENT_OF
1953	1954	PARENT_OF
1957	1958	PARENT_OF
1956	1957	PARENT_OF
1961	1962	PARENT_OF
1960	1961	PARENT_OF
1960	1963	PARENT_OF
1959	1960	PARENT_OF
1956	1959	PARENT_OF
1955	1956	PARENT_OF
1968	1969	PARENT_OF
1967	1968	PARENT_OF
1970	1971	PARENT_OF
1967	1970	PARENT_OF
1966	1967	PARENT_OF
1965	1966	PARENT_OF
1974	1975	PARENT_OF
1973	1974	PARENT_OF
1977	1978	PARENT_OF
1979	1980	PARENT_OF
1977	1979	PARENT_OF
1976	1977	PARENT_OF
1973	1976	PARENT_OF
1972	1973	PARENT_OF
1982	1983	PARENT_OF
1981	1982	PARENT_OF
1985	1986	PARENT_OF
1987	1988	PARENT_OF
1985	1987	PARENT_OF
1984	1985	PARENT_OF
1981	1984	PARENT_OF
1972	1981	PARENT_OF
1965	1972	PARENT_OF
1964	1965	PARENT_OF
1955	1964	PARENT_OF
1990	1991	PARENT_OF
1989	1990	PARENT_OF
1993	1994	PARENT_OF
1992	1993	PARENT_OF
1996	1997	PARENT_OF
1995	1996	PARENT_OF
1995	1998	PARENT_OF
1992	1995	PARENT_OF
1989	1992	PARENT_OF
1955	1989	PARENT_OF
2000	2001	PARENT_OF
1999	2000	PARENT_OF
2003	2004	PARENT_OF
2002	2003	PARENT_OF
2006	2007	PARENT_OF
2005	2006	PARENT_OF
2005	2008	PARENT_OF
2009	2010	PARENT_OF
2005	2009	PARENT_OF
2002	2005	PARENT_OF
1999	2002	PARENT_OF
1955	1999	PARENT_OF
2016	2017	PARENT_OF
2015	2016	PARENT_OF
2015	2018	PARENT_OF
2014	2015	PARENT_OF
2019	2020	PARENT_OF
2014	2019	PARENT_OF
2013	2014	PARENT_OF
2012	2013	PARENT_OF
2022	2023	PARENT_OF
2021	2022	PARENT_OF
2027	2028	PARENT_OF
2026	2027	PARENT_OF
2026	2029	PARENT_OF
2025	2026	PARENT_OF
2030	2031	PARENT_OF
2025	2030	PARENT_OF
2024	2025	PARENT_OF
2033	2034	PARENT_OF
2032	2033	PARENT_OF
2036	2037	PARENT_OF
2035	2036	PARENT_OF
2038	2039	PARENT_OF
2035	2038	PARENT_OF
2032	2035	PARENT_OF
2024	2032	PARENT_OF
2021	2024	PARENT_OF
2012	2021	PARENT_OF
2011	2012	PARENT_OF
1955	2011	PARENT_OF
2041	2042	PARENT_OF
2040	2041	PARENT_OF
2040	2043	PARENT_OF
1955	2040	PARENT_OF
2045	2046	PARENT_OF
2044	2045	PARENT_OF
2048	2049	PARENT_OF
2047	2048	PARENT_OF
2051	2052	PARENT_OF
2050	2051	PARENT_OF
2056	2057	PARENT_OF
2056	2058	PARENT_OF
2055	2056	PARENT_OF
2059	2060	PARENT_OF
2059	2061	PARENT_OF
2055	2059	PARENT_OF
2054	2055	PARENT_OF
2054	2062	PARENT_OF
2053	2054	PARENT_OF
2065	2066	PARENT_OF
2065	2067	PARENT_OF
2064	2065	PARENT_OF
2068	2069	PARENT_OF
2068	2070	PARENT_OF
2064	2068	PARENT_OF
2063	2064	PARENT_OF
2063	2071	PARENT_OF
2053	2063	PARENT_OF
2050	2053	PARENT_OF
2072	2073	PARENT_OF
2050	2072	PARENT_OF
2047	2050	PARENT_OF
2044	2047	PARENT_OF
1955	2044	PARENT_OF
2077	2078	PARENT_OF
2076	2077	PARENT_OF
2081	2082	PARENT_OF
2080	2081	PARENT_OF
2080	2083	PARENT_OF
2079	2080	PARENT_OF
2076	2079	PARENT_OF
2075	2076	PARENT_OF
2074	2075	PARENT_OF
2087	2088	PARENT_OF
2086	2087	PARENT_OF
2086	2089	PARENT_OF
2085	2086	PARENT_OF
2091	2092	PARENT_OF
2090	2091	PARENT_OF
2095	2096	PARENT_OF
2094	2095	PARENT_OF
2099	2100	PARENT_OF
2098	2099	PARENT_OF
2098	2101	PARENT_OF
2097	2098	PARENT_OF
2094	2097	PARENT_OF
2093	2094	PARENT_OF
2103	2104	PARENT_OF
2102	2103	PARENT_OF
2093	2102	PARENT_OF
2093	2105	PARENT_OF
2090	2093	PARENT_OF
2085	2090	PARENT_OF
2084	2085	PARENT_OF
2074	2084	PARENT_OF
1955	2074	PARENT_OF
2109	2110	PARENT_OF
2108	2109	PARENT_OF
2113	2114	PARENT_OF
2112	2113	PARENT_OF
2112	2115	PARENT_OF
2111	2112	PARENT_OF
2108	2111	PARENT_OF
2107	2108	PARENT_OF
2106	2107	PARENT_OF
2119	2120	PARENT_OF
2118	2119	PARENT_OF
2118	2121	PARENT_OF
2117	2118	PARENT_OF
2123	2124	PARENT_OF
2122	2123	PARENT_OF
2127	2128	PARENT_OF
2126	2127	PARENT_OF
2131	2132	PARENT_OF
2130	2131	PARENT_OF
2130	2133	PARENT_OF
2129	2130	PARENT_OF
2126	2129	PARENT_OF
2125	2126	PARENT_OF
2135	2136	PARENT_OF
2134	2135	PARENT_OF
2125	2134	PARENT_OF
2125	2137	PARENT_OF
2122	2125	PARENT_OF
2117	2122	PARENT_OF
2116	2117	PARENT_OF
2106	2116	PARENT_OF
1955	2106	PARENT_OF
2139	2140	PARENT_OF
2138	2139	PARENT_OF
2143	2144	PARENT_OF
2142	2143	PARENT_OF
2142	2145	PARENT_OF
2141	2142	PARENT_OF
2138	2141	PARENT_OF
1955	2138	PARENT_OF
2147	2148	PARENT_OF
2146	2147	PARENT_OF
2151	2152	PARENT_OF
2150	2151	PARENT_OF
2150	2153	PARENT_OF
2149	2150	PARENT_OF
2146	2149	PARENT_OF
1955	2146	PARENT_OF
2155	2156	PARENT_OF
2154	2155	PARENT_OF
2158	2159	PARENT_OF
2157	2158	PARENT_OF
2154	2157	PARENT_OF
1955	2154	PARENT_OF
1953	1955	PARENT_OF
1763	1953	PARENT_OF
1713	1763	PARENT_OF
1708	1713	PARENT_OF
1707	1708	PARENT_OF
1680	1707	PARENT_OF
2164	2165	PARENT_OF
2163	2164	PARENT_OF
2163	2166	PARENT_OF
2162	2163	PARENT_OF
2161	2162	PARENT_OF
2169	2170	PARENT_OF
2168	2169	PARENT_OF
2168	2171	PARENT_OF
2167	2168	PARENT_OF
2161	2167	PARENT_OF
2160	2161	PARENT_OF
2172	2173	PARENT_OF
2176	2177	PARENT_OF
2175	2176	PARENT_OF
2179	2180	PARENT_OF
2178	2179	PARENT_OF
2181	2182	PARENT_OF
2184	2185	PARENT_OF
2183	2184	PARENT_OF
2183	2186	PARENT_OF
2181	2183	PARENT_OF
2178	2181	PARENT_OF
2175	2178	PARENT_OF
2174	2175	PARENT_OF
2188	2189	PARENT_OF
2187	2188	PARENT_OF
2191	2192	PARENT_OF
2194	2195	PARENT_OF
2193	2194	PARENT_OF
2196	2197	PARENT_OF
2198	2199	PARENT_OF
2196	2198	PARENT_OF
2193	2196	PARENT_OF
2191	2193	PARENT_OF
2190	2191	PARENT_OF
2190	2200	PARENT_OF
2187	2190	PARENT_OF
2174	2187	PARENT_OF
2172	2174	PARENT_OF
2160	2172	PARENT_OF
1680	2160	PARENT_OF
1675	1680	PARENT_OF
1674	1675	PARENT_OF
1290	1674	PARENT_OF
1290	2201	PARENT_OF
2202	2203	PARENT_OF
1290	2202	PARENT_OF
2207	2208	PARENT_OF
2206	2207	PARENT_OF
2206	2209	PARENT_OF
2205	2206	PARENT_OF
2210	2211	PARENT_OF
2212	2213	PARENT_OF
2210	2212	PARENT_OF
2215	2216	PARENT_OF
2214	2215	PARENT_OF
2210	2214	PARENT_OF
2217	2218	PARENT_OF
2210	2217	PARENT_OF
2205	2210	PARENT_OF
2204	2205	PARENT_OF
2219	2220	PARENT_OF
2221	2222	PARENT_OF
2223	2224	PARENT_OF
2221	2223	PARENT_OF
2219	2221	PARENT_OF
2204	2219	PARENT_OF
1290	2204	PARENT_OF
1290	2225	PARENT_OF
2226	2227	PARENT_OF
1290	2226	PARENT_OF
2230	2231	PARENT_OF
2229	2230	PARENT_OF
2229	2232	PARENT_OF
2228	2229	PARENT_OF
1290	2228	PARENT_OF
2233	2234	PARENT_OF
1290	2233	PARENT_OF
2239	2240	PARENT_OF
2238	2239	PARENT_OF
2238	2241	PARENT_OF
2237	2238	PARENT_OF
2236	2237	PARENT_OF
2245	2246	PARENT_OF
2244	2245	PARENT_OF
2244	2247	PARENT_OF
2243	2244	PARENT_OF
2249	2250	PARENT_OF
2248	2249	PARENT_OF
2248	2251	PARENT_OF
2243	2248	PARENT_OF
2242	2243	PARENT_OF
2242	2252	PARENT_OF
2253	2254	PARENT_OF
2242	2253	PARENT_OF
2259	2260	PARENT_OF
2258	2259	PARENT_OF
2257	2258	PARENT_OF
2256	2257	PARENT_OF
2263	2264	PARENT_OF
2263	2265	PARENT_OF
2262	2263	PARENT_OF
2261	2262	PARENT_OF
2256	2261	PARENT_OF
2255	2256	PARENT_OF
2266	2267	PARENT_OF
2269	2270	PARENT_OF
2268	2269	PARENT_OF
2266	2268	PARENT_OF
2255	2266	PARENT_OF
2242	2255	PARENT_OF
2242	2271	PARENT_OF
2272	2273	PARENT_OF
2242	2272	PARENT_OF
2275	2276	PARENT_OF
2274	2275	PARENT_OF
2242	2274	PARENT_OF
2277	2278	PARENT_OF
2242	2277	PARENT_OF
2281	2282	PARENT_OF
2280	2281	PARENT_OF
2280	2283	PARENT_OF
2279	2280	PARENT_OF
2242	2279	PARENT_OF
2242	2284	PARENT_OF
2285	2286	PARENT_OF
2242	2285	PARENT_OF
2236	2242	PARENT_OF
2235	2236	PARENT_OF
2287	2288	PARENT_OF
2289	2290	PARENT_OF
2291	2292	PARENT_OF
2289	2291	PARENT_OF
2295	2296	PARENT_OF
2294	2295	PARENT_OF
2299	2300	PARENT_OF
2298	2299	PARENT_OF
2298	2301	PARENT_OF
2297	2298	PARENT_OF
2303	2304	PARENT_OF
2302	2303	PARENT_OF
2297	2302	PARENT_OF
2297	2305	PARENT_OF
2294	2297	PARENT_OF
2293	2294	PARENT_OF
2289	2293	PARENT_OF
2289	2306	PARENT_OF
2307	2308	PARENT_OF
2289	2307	PARENT_OF
2310	2311	PARENT_OF
2309	2310	PARENT_OF
2289	2309	PARENT_OF
2312	2313	PARENT_OF
2289	2312	PARENT_OF
2315	2316	PARENT_OF
2314	2315	PARENT_OF
2289	2314	PARENT_OF
2317	2318	PARENT_OF
2289	2317	PARENT_OF
2320	2321	PARENT_OF
2319	2320	PARENT_OF
2323	2324	PARENT_OF
2322	2323	PARENT_OF
2327	2328	PARENT_OF
2326	2327	PARENT_OF
2326	2329	PARENT_OF
2325	2326	PARENT_OF
2325	2330	PARENT_OF
2322	2325	PARENT_OF
2319	2322	PARENT_OF
2289	2319	PARENT_OF
2332	2333	PARENT_OF
2331	2332	PARENT_OF
2335	2336	PARENT_OF
2334	2335	PARENT_OF
2337	2338	PARENT_OF
2340	2341	PARENT_OF
2339	2340	PARENT_OF
2342	2343	PARENT_OF
2346	2347	PARENT_OF
2345	2346	PARENT_OF
2345	2348	PARENT_OF
2344	2345	PARENT_OF
2349	2350	PARENT_OF
2344	2349	PARENT_OF
2342	2344	PARENT_OF
2339	2342	PARENT_OF
2337	2339	PARENT_OF
2334	2337	PARENT_OF
2331	2334	PARENT_OF
2289	2331	PARENT_OF
2353	2354	PARENT_OF
2352	2353	PARENT_OF
2357	2358	PARENT_OF
2356	2357	PARENT_OF
2360	2361	PARENT_OF
2359	2360	PARENT_OF
2359	2362	PARENT_OF
2356	2359	PARENT_OF
2355	2356	PARENT_OF
2352	2355	PARENT_OF
2351	2352	PARENT_OF
2289	2351	PARENT_OF
2289	2363	PARENT_OF
2364	2365	PARENT_OF
2289	2364	PARENT_OF
2368	2369	PARENT_OF
2367	2368	PARENT_OF
2367	2370	PARENT_OF
2366	2367	PARENT_OF
2289	2366	PARENT_OF
2371	2372	PARENT_OF
2289	2371	PARENT_OF
2374	2375	PARENT_OF
2373	2374	PARENT_OF
2289	2373	PARENT_OF
2376	2377	PARENT_OF
2289	2376	PARENT_OF
2379	2380	PARENT_OF
2378	2379	PARENT_OF
2289	2378	PARENT_OF
2381	2382	PARENT_OF
2289	2381	PARENT_OF
2287	2289	PARENT_OF
2235	2287	PARENT_OF
1290	2235	PARENT_OF
1290	2383	PARENT_OF
2384	2385	PARENT_OF
1290	2384	PARENT_OF
1287	1290	PARENT_OF
1286	1287	FILE_OF
2387	2388	ENTRY
2387	2389	EXIT
2392	2393	PARENT_OF
2391	2392	PARENT_OF
2394	2395	PARENT_OF
2394	2396	PARENT_OF
2391	2394	PARENT_OF
2390	2391	PARENT_OF
2398	2399	PARENT_OF
2397	2398	PARENT_OF
2401	2402	PARENT_OF
2401	2403	PARENT_OF
2400	2401	PARENT_OF
2404	2405	PARENT_OF
2404	2406	PARENT_OF
2400	2404	PARENT_OF
2407	2408	PARENT_OF
2407	2409	PARENT_OF
2400	2407	PARENT_OF
2410	2411	PARENT_OF
2410	2412	PARENT_OF
2400	2410	PARENT_OF
2413	2414	PARENT_OF
2413	2415	PARENT_OF
2400	2413	PARENT_OF
2397	2400	PARENT_OF
2390	2397	PARENT_OF
2417	2418	PARENT_OF
2416	2417	PARENT_OF
2416	2419	PARENT_OF
2390	2416	PARENT_OF
2421	2422	PARENT_OF
2420	2421	PARENT_OF
2423	2424	PARENT_OF
2420	2423	PARENT_OF
2420	2425	PARENT_OF
2431	2432	PARENT_OF
2430	2431	PARENT_OF
2430	2433	PARENT_OF
2429	2430	PARENT_OF
2434	2435	PARENT_OF
2429	2434	PARENT_OF
2428	2429	PARENT_OF
2437	2438	PARENT_OF
2436	2437	PARENT_OF
2436	2439	PARENT_OF
2428	2436	PARENT_OF
2427	2428	PARENT_OF
2426	2427	PARENT_OF
2420	2426	PARENT_OF
2390	2420	PARENT_OF
2443	2444	PARENT_OF
2442	2443	PARENT_OF
2442	2445	PARENT_OF
2441	2442	PARENT_OF
2448	2449	PARENT_OF
2447	2448	PARENT_OF
2450	2451	PARENT_OF
2447	2450	PARENT_OF
2446	2447	PARENT_OF
2452	2453	PARENT_OF
2446	2452	PARENT_OF
2441	2446	PARENT_OF
2440	2441	PARENT_OF
2390	2440	PARENT_OF
2454	2455	ENTRY
2454	2456	EXIT
2458	2459	PARENT_OF
2458	2460	PARENT_OF
2458	2461	PARENT_OF
2457	2458	PARENT_OF
2462	2463	PARENT_OF
2462	2464	PARENT_OF
2462	2465	PARENT_OF
2457	2462	PARENT_OF
2466	2467	PARENT_OF
2466	2468	PARENT_OF
2466	2469	PARENT_OF
2457	2466	PARENT_OF
2470	2471	PARENT_OF
2470	2472	PARENT_OF
2470	2473	PARENT_OF
2457	2470	PARENT_OF
2474	2475	PARENT_OF
2474	2476	PARENT_OF
2474	2477	PARENT_OF
2457	2474	PARENT_OF
2454	2457	PARENT_OF
2454	2478	PARENT_OF
2484	2485	PARENT_OF
2483	2484	PARENT_OF
2483	2486	PARENT_OF
2482	2483	PARENT_OF
2482	2487	PARENT_OF
2481	2482	PARENT_OF
2491	2492	PARENT_OF
2490	2491	PARENT_OF
2490	2493	PARENT_OF
2489	2490	PARENT_OF
2495	2496	PARENT_OF
2494	2495	PARENT_OF
2494	2497	PARENT_OF
2489	2494	PARENT_OF
2488	2489	PARENT_OF
2481	2488	PARENT_OF
2480	2481	PARENT_OF
2498	2499	PARENT_OF
2507	2508	PARENT_OF
2509	2510	PARENT_OF
2507	2509	PARENT_OF
2506	2507	PARENT_OF
2506	2511	PARENT_OF
2505	2506	PARENT_OF
2512	2513	PARENT_OF
2505	2512	PARENT_OF
2504	2505	PARENT_OF
2504	2514	PARENT_OF
2503	2504	PARENT_OF
2515	2516	PARENT_OF
2503	2515	PARENT_OF
2502	2503	PARENT_OF
2502	2517	PARENT_OF
2501	2502	PARENT_OF
2500	2501	PARENT_OF
2498	2500	PARENT_OF
2480	2498	PARENT_OF
2479	2480	PARENT_OF
2454	2479	PARENT_OF
2454	2518	PARENT_OF
2390	2454	PARENT_OF
2520	2521	PARENT_OF
2519	2520	PARENT_OF
2522	2523	PARENT_OF
2519	2522	PARENT_OF
2390	2519	PARENT_OF
2524	2525	ENTRY
2524	2526	EXIT
2528	2529	PARENT_OF
2528	2530	PARENT_OF
2528	2531	PARENT_OF
2527	2528	PARENT_OF
2524	2527	PARENT_OF
2524	2532	PARENT_OF
2535	2536	PARENT_OF
2534	2535	PARENT_OF
2538	2539	PARENT_OF
2537	2538	PARENT_OF
2541	2542	PARENT_OF
2540	2541	PARENT_OF
2537	2540	PARENT_OF
2534	2537	PARENT_OF
2533	2534	PARENT_OF
2548	2549	PARENT_OF
2547	2548	PARENT_OF
2547	2550	PARENT_OF
2546	2547	PARENT_OF
2545	2546	PARENT_OF
2544	2545	PARENT_OF
2553	2554	PARENT_OF
2552	2553	PARENT_OF
2556	2557	PARENT_OF
2555	2556	PARENT_OF
2559	2560	PARENT_OF
2561	2562	PARENT_OF
2559	2561	PARENT_OF
2558	2559	PARENT_OF
2555	2558	PARENT_OF
2552	2555	PARENT_OF
2551	2552	PARENT_OF
2544	2551	PARENT_OF
2543	2544	PARENT_OF
2533	2543	PARENT_OF
2568	2569	PARENT_OF
2567	2568	PARENT_OF
2567	2570	PARENT_OF
2566	2567	PARENT_OF
2565	2566	PARENT_OF
2564	2565	PARENT_OF
2574	2575	PARENT_OF
2573	2574	PARENT_OF
2573	2576	PARENT_OF
2572	2573	PARENT_OF
2572	2577	PARENT_OF
2571	2572	PARENT_OF
2564	2571	PARENT_OF
2563	2564	PARENT_OF
2533	2563	PARENT_OF
2579	2580	PARENT_OF
2578	2579	PARENT_OF
2533	2578	PARENT_OF
2524	2533	PARENT_OF
2524	2581	PARENT_OF
2390	2524	PARENT_OF
2582	2583	ENTRY
2582	2584	EXIT
2586	2587	PARENT_OF
2586	2588	PARENT_OF
2586	2589	PARENT_OF
2585	2586	PARENT_OF
2582	2585	PARENT_OF
2582	2590	PARENT_OF
2597	2598	PARENT_OF
2596	2597	PARENT_OF
2596	2599	PARENT_OF
2595	2596	PARENT_OF
2594	2595	PARENT_OF
2593	2594	PARENT_OF
2603	2604	PARENT_OF
2602	2603	PARENT_OF
2601	2602	PARENT_OF
2600	2601	PARENT_OF
2593	2600	PARENT_OF
2592	2593	PARENT_OF
2591	2592	PARENT_OF
2606	2607	PARENT_OF
2605	2606	PARENT_OF
2611	2612	PARENT_OF
2610	2611	PARENT_OF
2610	2613	PARENT_OF
2609	2610	PARENT_OF
2608	2609	PARENT_OF
2615	2616	PARENT_OF
2614	2615	PARENT_OF
2614	2617	PARENT_OF
2608	2614	PARENT_OF
2608	2618	PARENT_OF
2605	2608	PARENT_OF
2591	2605	PARENT_OF
2620	2621	PARENT_OF
2619	2620	PARENT_OF
2622	2623	PARENT_OF
2625	2626	PARENT_OF
2624	2625	PARENT_OF
2624	2627	PARENT_OF
2622	2624	PARENT_OF
2619	2622	PARENT_OF
2591	2619	PARENT_OF
2629	2630	PARENT_OF
2628	2629	PARENT_OF
2634	2635	PARENT_OF
2633	2634	PARENT_OF
2633	2636	PARENT_OF
2632	2633	PARENT_OF
2631	2632	PARENT_OF
2637	2638	PARENT_OF
2640	2641	PARENT_OF
2639	2640	PARENT_OF
2639	2642	PARENT_OF
2637	2639	PARENT_OF
2631	2637	PARENT_OF
2631	2643	PARENT_OF
2628	2631	PARENT_OF
2591	2628	PARENT_OF
2645	2646	PARENT_OF
2644	2645	PARENT_OF
2650	2651	PARENT_OF
2649	2650	PARENT_OF
2649	2652	PARENT_OF
2648	2649	PARENT_OF
2647	2648	PARENT_OF
2654	2655	PARENT_OF
2653	2654	PARENT_OF
2653	2656	PARENT_OF
2647	2653	PARENT_OF
2647	2657	PARENT_OF
2644	2647	PARENT_OF
2591	2644	PARENT_OF
2659	2660	PARENT_OF
2658	2659	PARENT_OF
2664	2665	PARENT_OF
2663	2664	PARENT_OF
2663	2666	PARENT_OF
2662	2663	PARENT_OF
2661	2662	PARENT_OF
2667	2668	PARENT_OF
2670	2671	PARENT_OF
2669	2670	PARENT_OF
2669	2672	PARENT_OF
2667	2669	PARENT_OF
2661	2667	PARENT_OF
2661	2673	PARENT_OF
2658	2661	PARENT_OF
2591	2658	PARENT_OF
2675	2676	PARENT_OF
2674	2675	PARENT_OF
2680	2681	PARENT_OF
2679	2680	PARENT_OF
2679	2682	PARENT_OF
2678	2679	PARENT_OF
2677	2678	PARENT_OF
2683	2684	PARENT_OF
2686	2687	PARENT_OF
2685	2686	PARENT_OF
2685	2688	PARENT_OF
2683	2685	PARENT_OF
2677	2683	PARENT_OF
2677	2689	PARENT_OF
2674	2677	PARENT_OF
2591	2674	PARENT_OF
2691	2692	PARENT_OF
2690	2691	PARENT_OF
2591	2690	PARENT_OF
2582	2591	PARENT_OF
2582	2693	PARENT_OF
2390	2582	PARENT_OF
2694	2695	ENTRY
2694	2696	EXIT
2698	2699	PARENT_OF
2698	2700	PARENT_OF
2698	2701	PARENT_OF
2697	2698	PARENT_OF
2694	2697	PARENT_OF
2694	2702	PARENT_OF
2709	2710	PARENT_OF
2708	2709	PARENT_OF
2708	2711	PARENT_OF
2707	2708	PARENT_OF
2706	2707	PARENT_OF
2705	2706	PARENT_OF
2715	2716	PARENT_OF
2714	2715	PARENT_OF
2713	2714	PARENT_OF
2712	2713	PARENT_OF
2705	2712	PARENT_OF
2704	2705	PARENT_OF
2703	2704	PARENT_OF
2718	2719	PARENT_OF
2717	2718	PARENT_OF
2723	2724	PARENT_OF
2722	2723	PARENT_OF
2722	2725	PARENT_OF
2721	2722	PARENT_OF
2720	2721	PARENT_OF
2727	2728	PARENT_OF
2726	2727	PARENT_OF
2726	2729	PARENT_OF
2720	2726	PARENT_OF
2720	2730	PARENT_OF
2717	2720	PARENT_OF
2703	2717	PARENT_OF
2732	2733	PARENT_OF
2731	2732	PARENT_OF
2734	2735	PARENT_OF
2737	2738	PARENT_OF
2736	2737	PARENT_OF
2736	2739	PARENT_OF
2734	2736	PARENT_OF
2731	2734	PARENT_OF
2703	2731	PARENT_OF
2741	2742	PARENT_OF
2740	2741	PARENT_OF
2746	2747	PARENT_OF
2745	2746	PARENT_OF
2745	2748	PARENT_OF
2744	2745	PARENT_OF
2743	2744	PARENT_OF
2749	2750	PARENT_OF
2752	2753	PARENT_OF
2751	2752	PARENT_OF
2751	2754	PARENT_OF
2749	2751	PARENT_OF
2743	2749	PARENT_OF
2743	2755	PARENT_OF
2740	2743	PARENT_OF
2703	2740	PARENT_OF
2757	2758	PARENT_OF
2756	2757	PARENT_OF
2762	2763	PARENT_OF
2761	2762	PARENT_OF
2761	2764	PARENT_OF
2760	2761	PARENT_OF
2759	2760	PARENT_OF
2766	2767	PARENT_OF
2765	2766	PARENT_OF
2765	2768	PARENT_OF
2759	2765	PARENT_OF
2759	2769	PARENT_OF
2756	2759	PARENT_OF
2703	2756	PARENT_OF
2771	2772	PARENT_OF
2770	2771	PARENT_OF
2774	2775	PARENT_OF
2773	2774	PARENT_OF
2776	2777	PARENT_OF
2778	2779	PARENT_OF
2776	2778	PARENT_OF
2773	2776	PARENT_OF
2770	2773	PARENT_OF
2703	2770	PARENT_OF
2781	2782	PARENT_OF
2780	2781	PARENT_OF
2784	2785	PARENT_OF
2783	2784	PARENT_OF
2788	2789	PARENT_OF
2787	2788	PARENT_OF
2791	2792	PARENT_OF
2790	2791	PARENT_OF
2787	2790	PARENT_OF
2786	2787	PARENT_OF
2786	2793	PARENT_OF
2783	2786	PARENT_OF
2780	2783	PARENT_OF
2703	2780	PARENT_OF
2798	2799	PARENT_OF
2797	2798	PARENT_OF
2800	2801	PARENT_OF
2802	2803	PARENT_OF
2800	2802	PARENT_OF
2797	2800	PARENT_OF
2796	2797	PARENT_OF
2806	2807	PARENT_OF
2805	2806	PARENT_OF
2808	2809	PARENT_OF
2810	2811	PARENT_OF
2808	2810	PARENT_OF
2805	2808	PARENT_OF
2804	2805	PARENT_OF
2796	2804	PARENT_OF
2795	2796	PARENT_OF
2814	2815	PARENT_OF
2813	2814	PARENT_OF
2817	2818	PARENT_OF
2816	2817	PARENT_OF
2820	2821	PARENT_OF
2819	2820	PARENT_OF
2819	2822	PARENT_OF
2824	2825	PARENT_OF
2823	2824	PARENT_OF
2827	2828	PARENT_OF
2826	2827	PARENT_OF
2830	2831	PARENT_OF
2829	2830	PARENT_OF
2826	2829	PARENT_OF
2823	2826	PARENT_OF
2819	2823	PARENT_OF
2816	2819	PARENT_OF
2813	2816	PARENT_OF
2812	2813	PARENT_OF
2795	2812	PARENT_OF
2794	2795	PARENT_OF
2703	2794	PARENT_OF
2833	2834	PARENT_OF
2832	2833	PARENT_OF
2835	2836	PARENT_OF
2832	2835	PARENT_OF
2703	2832	PARENT_OF
2838	2839	PARENT_OF
2837	2838	PARENT_OF
2703	2837	PARENT_OF
2694	2703	PARENT_OF
2694	2840	PARENT_OF
2390	2694	PARENT_OF
2841	2842	ENTRY
2841	2843	EXIT
2845	2846	PARENT_OF
2845	2847	PARENT_OF
2845	2848	PARENT_OF
2844	2845	PARENT_OF
2841	2844	PARENT_OF
2841	2849	PARENT_OF
2852	2853	PARENT_OF
2851	2852	PARENT_OF
2855	2856	PARENT_OF
2854	2855	PARENT_OF
2857	2858	PARENT_OF
2860	2861	PARENT_OF
2859	2860	PARENT_OF
2859	2862	PARENT_OF
2857	2859	PARENT_OF
2854	2857	PARENT_OF
2851	2854	PARENT_OF
2850	2851	PARENT_OF
2865	2866	PARENT_OF
2864	2865	PARENT_OF
2869	2870	PARENT_OF
2868	2869	PARENT_OF
2872	2873	PARENT_OF
2871	2872	PARENT_OF
2868	2871	PARENT_OF
2867	2868	PARENT_OF
2867	2874	PARENT_OF
2864	2867	PARENT_OF
2863	2864	PARENT_OF
2850	2863	PARENT_OF
2841	2850	PARENT_OF
2841	2875	PARENT_OF
2390	2841	PARENT_OF
2876	2877	ENTRY
2876	2878	EXIT
2880	2881	PARENT_OF
2880	2882	PARENT_OF
2880	2883	PARENT_OF
2879	2880	PARENT_OF
2876	2879	PARENT_OF
2876	2884	PARENT_OF
2887	2888	PARENT_OF
2886	2887	PARENT_OF
2889	2890	PARENT_OF
2886	2889	PARENT_OF
2886	2891	PARENT_OF
2896	2897	PARENT_OF
2895	2896	PARENT_OF
2898	2899	PARENT_OF
2900	2901	PARENT_OF
2898	2900	PARENT_OF
2902	2903	PARENT_OF
2898	2902	PARENT_OF
2895	2898	PARENT_OF
2894	2895	PARENT_OF
2908	2909	PARENT_OF
2907	2908	PARENT_OF
2907	2910	PARENT_OF
2906	2907	PARENT_OF
2906	2911	PARENT_OF
2905	2906	PARENT_OF
2904	2905	PARENT_OF
2894	2904	PARENT_OF
2893	2894	PARENT_OF
2892	2893	PARENT_OF
2886	2892	PARENT_OF
2885	2886	PARENT_OF
2876	2885	PARENT_OF
2876	2912	PARENT_OF
2390	2876	PARENT_OF
2913	2914	ENTRY
2913	2915	EXIT
2917	2918	PARENT_OF
2917	2919	PARENT_OF
2917	2920	PARENT_OF
2916	2917	PARENT_OF
2913	2916	PARENT_OF
2913	2921	PARENT_OF
2924	2925	PARENT_OF
2923	2924	PARENT_OF
2926	2927	PARENT_OF
2923	2926	PARENT_OF
2923	2928	PARENT_OF
2933	2934	PARENT_OF
2932	2933	PARENT_OF
2935	2936	PARENT_OF
2937	2938	PARENT_OF
2935	2937	PARENT_OF
2939	2940	PARENT_OF
2935	2939	PARENT_OF
2932	2935	PARENT_OF
2931	2932	PARENT_OF
2945	2946	PARENT_OF
2944	2945	PARENT_OF
2944	2947	PARENT_OF
2943	2944	PARENT_OF
2943	2948	PARENT_OF
2942	2943	PARENT_OF
2941	2942	PARENT_OF
2931	2941	PARENT_OF
2930	2931	PARENT_OF
2929	2930	PARENT_OF
2923	2929	PARENT_OF
2922	2923	PARENT_OF
2913	2922	PARENT_OF
2913	2949	PARENT_OF
2390	2913	PARENT_OF
2950	2951	ENTRY
2950	2952	EXIT
2954	2955	PARENT_OF
2954	2956	PARENT_OF
2954	2957	PARENT_OF
2953	2954	PARENT_OF
2958	2959	PARENT_OF
2958	2960	PARENT_OF
2958	2961	PARENT_OF
2953	2958	PARENT_OF
2950	2953	PARENT_OF
2950	2962	PARENT_OF
2966	2967	PARENT_OF
2965	2966	PARENT_OF
2969	2970	PARENT_OF
2968	2969	PARENT_OF
2965	2968	PARENT_OF
2964	2965	PARENT_OF
2971	2972	PARENT_OF
2964	2971	PARENT_OF
2964	2973	PARENT_OF
2978	2979	PARENT_OF
2977	2978	PARENT_OF
2982	2983	PARENT_OF
2984	2985	PARENT_OF
2982	2984	PARENT_OF
2981	2982	PARENT_OF
2981	2986	PARENT_OF
2980	2981	PARENT_OF
2988	2989	PARENT_OF
2987	2988	PARENT_OF
2990	2991	PARENT_OF
2987	2990	PARENT_OF
2980	2987	PARENT_OF
2992	2993	PARENT_OF
2980	2992	PARENT_OF
2977	2980	PARENT_OF
2976	2977	PARENT_OF
2997	2998	PARENT_OF
2996	2997	PARENT_OF
2999	3000	PARENT_OF
2996	2999	PARENT_OF
2995	2996	PARENT_OF
2994	2995	PARENT_OF
3002	3003	PARENT_OF
3001	3002	PARENT_OF
2994	3001	PARENT_OF
2976	2994	PARENT_OF
2975	2976	PARENT_OF
2974	2975	PARENT_OF
2964	2974	PARENT_OF
2963	2964	PARENT_OF
2950	2963	PARENT_OF
2950	3004	PARENT_OF
2390	2950	PARENT_OF
3005	3006	ENTRY
3005	3007	EXIT
3009	3010	PARENT_OF
3009	3011	PARENT_OF
3009	3012	PARENT_OF
3008	3009	PARENT_OF
3005	3008	PARENT_OF
3005	3013	PARENT_OF
3018	3019	PARENT_OF
3017	3018	PARENT_OF
3017	3020	PARENT_OF
3016	3017	PARENT_OF
3015	3016	PARENT_OF
3023	3024	PARENT_OF
3022	3023	PARENT_OF
3026	3027	PARENT_OF
3025	3026	PARENT_OF
3029	3030	PARENT_OF
3028	3029	PARENT_OF
3025	3028	PARENT_OF
3022	3025	PARENT_OF
3021	3022	PARENT_OF
3015	3021	PARENT_OF
3033	3034	PARENT_OF
3032	3033	PARENT_OF
3031	3032	PARENT_OF
3015	3031	PARENT_OF
3039	3040	PARENT_OF
3038	3039	PARENT_OF
3041	3042	PARENT_OF
3044	3045	PARENT_OF
3043	3044	PARENT_OF
3046	3047	PARENT_OF
3043	3046	PARENT_OF
3041	3043	PARENT_OF
3048	3049	PARENT_OF
3041	3048	PARENT_OF
3038	3041	PARENT_OF
3037	3038	PARENT_OF
3053	3054	PARENT_OF
3052	3053	PARENT_OF
3055	3056	PARENT_OF
3052	3055	PARENT_OF
3051	3052	PARENT_OF
3058	3059	PARENT_OF
3057	3058	PARENT_OF
3060	3061	PARENT_OF
3060	3062	PARENT_OF
3064	3065	PARENT_OF
3063	3064	PARENT_OF
3066	3067	PARENT_OF
3063	3066	PARENT_OF
3060	3063	PARENT_OF
3057	3060	PARENT_OF
3051	3057	PARENT_OF
3050	3051	PARENT_OF
3070	3071	PARENT_OF
3069	3070	PARENT_OF
3072	3073	PARENT_OF
3069	3072	PARENT_OF
3068	3069	PARENT_OF
3075	3076	PARENT_OF
3074	3075	PARENT_OF
3077	3078	PARENT_OF
3077	3079	PARENT_OF
3081	3082	PARENT_OF
3080	3081	PARENT_OF
3083	3084	PARENT_OF
3080	3083	PARENT_OF
3077	3080	PARENT_OF
3074	3077	PARENT_OF
3068	3074	PARENT_OF
3050	3068	PARENT_OF
3037	3050	PARENT_OF
3036	3037	PARENT_OF
3035	3036	PARENT_OF
3015	3035	PARENT_OF
3014	3015	PARENT_OF
3086	3087	PARENT_OF
3085	3086	PARENT_OF
3014	3085	PARENT_OF
3005	3014	PARENT_OF
3005	3088	PARENT_OF
2390	3005	PARENT_OF
3089	3090	ENTRY
3089	3091	EXIT
3093	3094	PARENT_OF
3093	3095	PARENT_OF
3093	3096	PARENT_OF
3092	3093	PARENT_OF
3089	3092	PARENT_OF
3089	3097	PARENT_OF
3102	3103	PARENT_OF
3101	3102	PARENT_OF
3101	3104	PARENT_OF
3100	3101	PARENT_OF
3099	3100	PARENT_OF
3107	3108	PARENT_OF
3106	3107	PARENT_OF
3110	3111	PARENT_OF
3109	3110	PARENT_OF
3113	3114	PARENT_OF
3112	3113	PARENT_OF
3109	3112	PARENT_OF
3106	3109	PARENT_OF
3105	3106	PARENT_OF
3099	3105	PARENT_OF
3117	3118	PARENT_OF
3116	3117	PARENT_OF
3115	3116	PARENT_OF
3099	3115	PARENT_OF
3123	3124	PARENT_OF
3122	3123	PARENT_OF
3125	3126	PARENT_OF
3128	3129	PARENT_OF
3127	3128	PARENT_OF
3130	3131	PARENT_OF
3127	3130	PARENT_OF
3125	3127	PARENT_OF
3132	3133	PARENT_OF
3125	3132	PARENT_OF
3122	3125	PARENT_OF
3121	3122	PARENT_OF
3137	3138	PARENT_OF
3136	3137	PARENT_OF
3136	3139	PARENT_OF
3135	3136	PARENT_OF
3135	3140	PARENT_OF
3134	3135	PARENT_OF
3121	3134	PARENT_OF
3120	3121	PARENT_OF
3119	3120	PARENT_OF
3099	3119	PARENT_OF
3098	3099	PARENT_OF
3141	3142	PARENT_OF
3098	3141	PARENT_OF
3089	3098	PARENT_OF
3089	3143	PARENT_OF
2390	3089	PARENT_OF
3144	3145	ENTRY
3144	3146	EXIT
3148	3149	PARENT_OF
3148	3150	PARENT_OF
3148	3151	PARENT_OF
3147	3148	PARENT_OF
3144	3147	PARENT_OF
3144	3152	PARENT_OF
3158	3159	PARENT_OF
3157	3158	PARENT_OF
3161	3162	PARENT_OF
3160	3161	PARENT_OF
3160	3163	PARENT_OF
3160	3164	PARENT_OF
3157	3160	PARENT_OF
3156	3157	PARENT_OF
3156	3165	PARENT_OF
3155	3156	PARENT_OF
3168	3169	PARENT_OF
3167	3168	PARENT_OF
3167	3170	PARENT_OF
3166	3167	PARENT_OF
3172	3173	PARENT_OF
3171	3172	PARENT_OF
3175	3176	PARENT_OF
3174	3175	PARENT_OF
3179	3180	PARENT_OF
3178	3179	PARENT_OF
3182	3183	PARENT_OF
3181	3182	PARENT_OF
3181	3184	PARENT_OF
3181	3185	PARENT_OF
3178	3181	PARENT_OF
3177	3178	PARENT_OF
3174	3177	PARENT_OF
3171	3174	PARENT_OF
3166	3171	PARENT_OF
3189	3190	PARENT_OF
3188	3189	PARENT_OF
3188	3191	PARENT_OF
3187	3188	PARENT_OF
3196	3197	PARENT_OF
3195	3196	PARENT_OF
3195	3198	PARENT_OF
3194	3195	PARENT_OF
3203	3204	PARENT_OF
3202	3203	PARENT_OF
3202	3205	PARENT_OF
3201	3202	PARENT_OF
3200	3201	PARENT_OF
3207	3208	PARENT_OF
3206	3207	PARENT_OF
3209	3210	PARENT_OF
3212	3213	PARENT_OF
3211	3212	PARENT_OF
3215	3216	PARENT_OF
3214	3215	PARENT_OF
3217	3218	PARENT_OF
3214	3217	PARENT_OF
3214	3219	PARENT_OF
3211	3214	PARENT_OF
3209	3211	PARENT_OF
3206	3209	PARENT_OF
3200	3206	PARENT_OF
3199	3200	PARENT_OF
3221	3222	PARENT_OF
3220	3221	PARENT_OF
3225	3226	PARENT_OF
3224	3225	PARENT_OF
3224	3227	PARENT_OF
3223	3224	PARENT_OF
3228	3229	PARENT_OF
3223	3228	PARENT_OF
3220	3223	PARENT_OF
3199	3220	PARENT_OF
3194	3199	PARENT_OF
3193	3194	PARENT_OF
3192	3193	PARENT_OF
3233	3234	PARENT_OF
3232	3233	PARENT_OF
3232	3235	PARENT_OF
3231	3232	PARENT_OF
3237	3238	PARENT_OF
3236	3237	PARENT_OF
3241	3242	PARENT_OF
3240	3241	PARENT_OF
3244	3245	PARENT_OF
3243	3244	PARENT_OF
3243	3246	PARENT_OF
3247	3248	PARENT_OF
3243	3247	PARENT_OF
3240	3243	PARENT_OF
3239	3240	PARENT_OF
3239	3249	PARENT_OF
3236	3239	PARENT_OF
3231	3236	PARENT_OF
3230	3231	PARENT_OF
3192	3230	PARENT_OF
3253	3254	PARENT_OF
3252	3253	PARENT_OF
3252	3255	PARENT_OF
3251	3252	PARENT_OF
3257	3258	PARENT_OF
3256	3257	PARENT_OF
3261	3262	PARENT_OF
3260	3261	PARENT_OF
3264	3265	PARENT_OF
3263	3264	PARENT_OF
3263	3266	PARENT_OF
3267	3268	PARENT_OF
3263	3267	PARENT_OF
3260	3263	PARENT_OF
3259	3260	PARENT_OF
3259	3269	PARENT_OF
3256	3259	PARENT_OF
3251	3256	PARENT_OF
3250	3251	PARENT_OF
3192	3250	PARENT_OF
3273	3274	PARENT_OF
3272	3273	PARENT_OF
3272	3275	PARENT_OF
3271	3272	PARENT_OF
3277	3278	PARENT_OF
3276	3277	PARENT_OF
3280	3281	PARENT_OF
3279	3280	PARENT_OF
3279	3282	PARENT_OF
3276	3279	PARENT_OF
3271	3276	PARENT_OF
3270	3271	PARENT_OF
3192	3270	PARENT_OF
3187	3192	PARENT_OF
3186	3187	PARENT_OF
3166	3186	PARENT_OF
3286	3287	PARENT_OF
3285	3286	PARENT_OF
3290	3291	PARENT_OF
3289	3290	PARENT_OF
3293	3294	PARENT_OF
3292	3293	PARENT_OF
3295	3296	PARENT_OF
3292	3295	PARENT_OF
3297	3298	PARENT_OF
3292	3297	PARENT_OF
3289	3292	PARENT_OF
3288	3289	PARENT_OF
3285	3288	PARENT_OF
3284	3285	PARENT_OF
3283	3284	PARENT_OF
3166	3283	PARENT_OF
3155	3166	PARENT_OF
3154	3155	PARENT_OF
3299	3300	PARENT_OF
3304	3305	PARENT_OF
3303	3304	PARENT_OF
3302	3303	PARENT_OF
3301	3302	PARENT_OF
3299	3301	PARENT_OF
3154	3299	PARENT_OF
3153	3154	PARENT_OF
3308	3309	PARENT_OF
3307	3308	PARENT_OF
3306	3307	PARENT_OF
3153	3306	PARENT_OF
3144	3153	PARENT_OF
3144	3310	PARENT_OF
2390	3144	PARENT_OF
3311	3312	ENTRY
3311	3313	EXIT
3315	3316	PARENT_OF
3315	3317	PARENT_OF
3315	3318	PARENT_OF
3314	3315	PARENT_OF
3319	3320	PARENT_OF
3319	3321	PARENT_OF
3319	3322	PARENT_OF
3314	3319	PARENT_OF
3311	3314	PARENT_OF
3311	3323	PARENT_OF
3326	3327	PARENT_OF
3325	3326	PARENT_OF
3328	3329	PARENT_OF
3325	3328	PARENT_OF
3324	3325	PARENT_OF
3331	3332	PARENT_OF
3330	3331	PARENT_OF
3334	3335	PARENT_OF
3333	3334	PARENT_OF
3336	3337	PARENT_OF
3343	3344	PARENT_OF
3346	3347	PARENT_OF
3345	3346	PARENT_OF
3345	3348	PARENT_OF
3343	3345	PARENT_OF
3342	3343	PARENT_OF
3342	3349	PARENT_OF
3341	3342	PARENT_OF
3351	3352	PARENT_OF
3350	3351	PARENT_OF
3350	3353	PARENT_OF
3341	3350	PARENT_OF
3340	3341	PARENT_OF
3340	3354	PARENT_OF
3339	3340	PARENT_OF
3356	3357	PARENT_OF
3355	3356	PARENT_OF
3355	3358	PARENT_OF
3339	3355	PARENT_OF
3338	3339	PARENT_OF
3338	3359	PARENT_OF
3336	3338	PARENT_OF
3360	3361	PARENT_OF
3336	3360	PARENT_OF
3333	3336	PARENT_OF
3330	3333	PARENT_OF
3324	3330	PARENT_OF
3363	3364	PARENT_OF
3362	3363	PARENT_OF
3366	3367	PARENT_OF
3365	3366	PARENT_OF
3368	3369	PARENT_OF
3372	3373	PARENT_OF
3375	3376	PARENT_OF
3374	3375	PARENT_OF
3374	3377	PARENT_OF
3372	3374	PARENT_OF
3371	3372	PARENT_OF
3371	3378	PARENT_OF
3370	3371	PARENT_OF
3370	3379	PARENT_OF
3368	3370	PARENT_OF
3380	3381	PARENT_OF
3368	3380	PARENT_OF
3365	3368	PARENT_OF
3362	3365	PARENT_OF
3324	3362	PARENT_OF
3383	3384	PARENT_OF
3382	3383	PARENT_OF
3386	3387	PARENT_OF
3385	3386	PARENT_OF
3388	3389	PARENT_OF
3393	3394	PARENT_OF
3396	3397	PARENT_OF
3395	3396	PARENT_OF
3395	3398	PARENT_OF
3393	3395	PARENT_OF
3392	3393	PARENT_OF
3392	3399	PARENT_OF
3391	3392	PARENT_OF
3401	3402	PARENT_OF
3400	3401	PARENT_OF
3404	3405	PARENT_OF
3403	3404	PARENT_OF
3400	3403	PARENT_OF
3391	3400	PARENT_OF
3390	3391	PARENT_OF
3390	3406	PARENT_OF
3388	3390	PARENT_OF
3407	3408	PARENT_OF
3388	3407	PARENT_OF
3385	3388	PARENT_OF
3382	3385	PARENT_OF
3324	3382	PARENT_OF
3410	3411	PARENT_OF
3409	3410	PARENT_OF
3413	3414	PARENT_OF
3412	3413	PARENT_OF
3415	3416	PARENT_OF
3422	3423	PARENT_OF
3425	3426	PARENT_OF
3424	3425	PARENT_OF
3424	3427	PARENT_OF
3422	3424	PARENT_OF
3421	3422	PARENT_OF
3421	3428	PARENT_OF
3420	3421	PARENT_OF
3430	3431	PARENT_OF
3429	3430	PARENT_OF
3429	3432	PARENT_OF
3420	3429	PARENT_OF
3419	3420	PARENT_OF
3419	3433	PARENT_OF
3418	3419	PARENT_OF
3435	3436	PARENT_OF
3434	3435	PARENT_OF
3434	3437	PARENT_OF
3418	3434	PARENT_OF
3417	3418	PARENT_OF
3417	3438	PARENT_OF
3415	3417	PARENT_OF
3439	3440	PARENT_OF
3415	3439	PARENT_OF
3412	3415	PARENT_OF
3409	3412	PARENT_OF
3324	3409	PARENT_OF
3442	3443	PARENT_OF
3441	3442	PARENT_OF
3445	3446	PARENT_OF
3444	3445	PARENT_OF
3447	3448	PARENT_OF
3451	3452	PARENT_OF
3454	3455	PARENT_OF
3453	3454	PARENT_OF
3453	3456	PARENT_OF
3451	3453	PARENT_OF
3450	3451	PARENT_OF
3450	3457	PARENT_OF
3449	3450	PARENT_OF
3449	3458	PARENT_OF
3447	3449	PARENT_OF
3459	3460	PARENT_OF
3447	3459	PARENT_OF
3444	3447	PARENT_OF
3441	3444	PARENT_OF
3324	3441	PARENT_OF
3462	3463	PARENT_OF
3461	3462	PARENT_OF
3465	3466	PARENT_OF
3464	3465	PARENT_OF
3467	3468	PARENT_OF
3472	3473	PARENT_OF
3475	3476	PARENT_OF
3474	3475	PARENT_OF
3474	3477	PARENT_OF
3472	3474	PARENT_OF
3471	3472	PARENT_OF
3471	3478	PARENT_OF
3470	3471	PARENT_OF
3480	3481	PARENT_OF
3479	3480	PARENT_OF
3483	3484	PARENT_OF
3482	3483	PARENT_OF
3479	3482	PARENT_OF
3470	3479	PARENT_OF
3469	3470	PARENT_OF
3469	3485	PARENT_OF
3467	3469	PARENT_OF
3486	3487	PARENT_OF
3467	3486	PARENT_OF
3464	3467	PARENT_OF
3461	3464	PARENT_OF
3324	3461	PARENT_OF
3489	3490	PARENT_OF
3488	3489	PARENT_OF
3324	3488	PARENT_OF
3311	3324	PARENT_OF
3311	3491	PARENT_OF
2390	3311	PARENT_OF
3493	3494	PARENT_OF
3492	3493	PARENT_OF
3498	3499	PARENT_OF
3497	3498	PARENT_OF
3497	3500	PARENT_OF
3496	3497	PARENT_OF
3495	3496	PARENT_OF
3502	3503	PARENT_OF
3501	3502	PARENT_OF
3501	3504	PARENT_OF
3495	3501	PARENT_OF
3495	3505	PARENT_OF
3492	3495	PARENT_OF
2390	3492	PARENT_OF
3509	3510	PARENT_OF
3508	3509	PARENT_OF
3508	3511	PARENT_OF
3507	3508	PARENT_OF
3514	3515	PARENT_OF
3513	3514	PARENT_OF
3519	3520	PARENT_OF
3518	3519	PARENT_OF
3518	3521	PARENT_OF
3517	3518	PARENT_OF
3516	3517	PARENT_OF
3523	3524	PARENT_OF
3522	3523	PARENT_OF
3522	3525	PARENT_OF
3516	3522	PARENT_OF
3516	3526	PARENT_OF
3513	3516	PARENT_OF
3512	3513	PARENT_OF
3507	3512	PARENT_OF
3506	3507	PARENT_OF
2390	3506	PARENT_OF
3530	3531	PARENT_OF
3529	3530	PARENT_OF
3529	3532	PARENT_OF
3528	3529	PARENT_OF
3533	3534	PARENT_OF
3535	3536	PARENT_OF
3533	3535	PARENT_OF
3528	3533	PARENT_OF
3527	3528	PARENT_OF
3537	3538	PARENT_OF
3541	3542	PARENT_OF
3540	3541	PARENT_OF
3544	3545	PARENT_OF
3543	3544	PARENT_OF
3547	3548	PARENT_OF
3546	3547	PARENT_OF
3543	3546	PARENT_OF
3540	3543	PARENT_OF
3539	3540	PARENT_OF
3550	3551	PARENT_OF
3549	3550	PARENT_OF
3553	3554	PARENT_OF
3552	3553	PARENT_OF
3556	3557	PARENT_OF
3555	3556	PARENT_OF
3558	3559	PARENT_OF
3555	3558	PARENT_OF
3552	3555	PARENT_OF
3549	3552	PARENT_OF
3539	3549	PARENT_OF
3562	3563	PARENT_OF
3561	3562	PARENT_OF
3561	3564	PARENT_OF
3560	3561	PARENT_OF
3539	3560	PARENT_OF
3566	3567	PARENT_OF
3565	3566	PARENT_OF
3569	3570	PARENT_OF
3568	3569	PARENT_OF
3572	3573	PARENT_OF
3571	3572	PARENT_OF
3568	3571	PARENT_OF
3565	3568	PARENT_OF
3539	3565	PARENT_OF
3577	3578	PARENT_OF
3576	3577	PARENT_OF
3576	3579	PARENT_OF
3575	3576	PARENT_OF
3583	3584	PARENT_OF
3582	3583	PARENT_OF
3582	3585	PARENT_OF
3581	3582	PARENT_OF
3586	3587	PARENT_OF
3581	3586	PARENT_OF
3580	3581	PARENT_OF
3575	3580	PARENT_OF
3574	3575	PARENT_OF
3539	3574	PARENT_OF
3589	3590	PARENT_OF
3588	3589	PARENT_OF
3592	3593	PARENT_OF
3591	3592	PARENT_OF
3596	3597	PARENT_OF
3595	3596	PARENT_OF
3599	3600	PARENT_OF
3598	3599	PARENT_OF
3595	3598	PARENT_OF
3594	3595	PARENT_OF
3594	3601	PARENT_OF
3591	3594	PARENT_OF
3588	3591	PARENT_OF
3539	3588	PARENT_OF
3603	3604	PARENT_OF
3602	3603	PARENT_OF
3605	3606	PARENT_OF
3602	3605	PARENT_OF
3539	3602	PARENT_OF
3608	3609	PARENT_OF
3607	3608	PARENT_OF
3611	3612	PARENT_OF
3610	3611	PARENT_OF
3607	3610	PARENT_OF
3539	3607	PARENT_OF
3614	3615	PARENT_OF
3613	3614	PARENT_OF
3617	3618	PARENT_OF
3616	3617	PARENT_OF
3620	3621	PARENT_OF
3619	3620	PARENT_OF
3616	3619	PARENT_OF
3613	3616	PARENT_OF
3539	3613	PARENT_OF
3623	3624	PARENT_OF
3622	3623	PARENT_OF
3626	3627	PARENT_OF
3625	3626	PARENT_OF
3629	3630	PARENT_OF
3628	3629	PARENT_OF
3625	3628	PARENT_OF
3622	3625	PARENT_OF
3539	3622	PARENT_OF
3632	3633	PARENT_OF
3631	3632	PARENT_OF
3635	3636	PARENT_OF
3634	3635	PARENT_OF
3638	3639	PARENT_OF
3637	3638	PARENT_OF
3634	3637	PARENT_OF
3631	3634	PARENT_OF
3539	3631	PARENT_OF
3643	3644	PARENT_OF
3642	3643	PARENT_OF
3642	3645	PARENT_OF
3641	3642	PARENT_OF
3647	3648	PARENT_OF
3646	3647	PARENT_OF
3650	3651	PARENT_OF
3649	3650	PARENT_OF
3652	3653	PARENT_OF
3654	3655	PARENT_OF
3652	3654	PARENT_OF
3649	3652	PARENT_OF
3646	3649	PARENT_OF
3641	3646	PARENT_OF
3640	3641	PARENT_OF
3539	3640	PARENT_OF
3659	3660	PARENT_OF
3658	3659	PARENT_OF
3661	3662	PARENT_OF
3663	3664	PARENT_OF
3661	3663	PARENT_OF
3658	3661	PARENT_OF
3657	3658	PARENT_OF
3667	3668	PARENT_OF
3666	3667	PARENT_OF
3666	3669	PARENT_OF
3665	3666	PARENT_OF
3671	3672	PARENT_OF
3670	3671	PARENT_OF
3670	3673	PARENT_OF
3665	3670	PARENT_OF
3676	3677	PARENT_OF
3675	3676	PARENT_OF
3679	3680	PARENT_OF
3678	3679	PARENT_OF
3682	3683	PARENT_OF
3681	3682	PARENT_OF
3678	3681	PARENT_OF
3675	3678	PARENT_OF
3674	3675	PARENT_OF
3689	3690	PARENT_OF
3688	3689	PARENT_OF
3693	3694	PARENT_OF
3692	3693	PARENT_OF
3695	3696	PARENT_OF
3692	3695	PARENT_OF
3691	3692	PARENT_OF
3691	3697	PARENT_OF
3688	3691	PARENT_OF
3687	3688	PARENT_OF
3699	3700	PARENT_OF
3698	3699	PARENT_OF
3687	3698	PARENT_OF
3686	3687	PARENT_OF
3702	3703	PARENT_OF
3701	3702	PARENT_OF
3706	3707	PARENT_OF
3705	3706	PARENT_OF
3708	3709	PARENT_OF
3705	3708	PARENT_OF
3704	3705	PARENT_OF
3711	3712	PARENT_OF
3710	3711	PARENT_OF
3704	3710	PARENT_OF
3701	3704	PARENT_OF
3686	3701	PARENT_OF
3685	3686	PARENT_OF
3713	3714	PARENT_OF
3716	3717	PARENT_OF
3715	3716	PARENT_OF
3720	3721	PARENT_OF
3719	3720	PARENT_OF
3722	3723	PARENT_OF
3719	3722	PARENT_OF
3718	3719	PARENT_OF
3725	3726	PARENT_OF
3724	3725	PARENT_OF
3718	3724	PARENT_OF
3715	3718	PARENT_OF
3713	3715	PARENT_OF
3685	3713	PARENT_OF
3684	3685	PARENT_OF
3728	3729	PARENT_OF
3727	3728	PARENT_OF
3684	3727	PARENT_OF
3674	3684	PARENT_OF
3665	3674	PARENT_OF
3657	3665	PARENT_OF
3656	3657	PARENT_OF
3730	3731	PARENT_OF
3734	3735	PARENT_OF
3733	3734	PARENT_OF
3737	3738	PARENT_OF
3740	3741	PARENT_OF
3739	3740	PARENT_OF
3743	3744	PARENT_OF
3742	3743	PARENT_OF
3739	3742	PARENT_OF
3737	3739	PARENT_OF
3736	3737	PARENT_OF
3733	3736	PARENT_OF
3732	3733	PARENT_OF
3730	3732	PARENT_OF
3656	3730	PARENT_OF
3539	3656	PARENT_OF
3748	3749	PARENT_OF
3747	3748	PARENT_OF
3750	3751	PARENT_OF
3752	3753	PARENT_OF
3750	3752	PARENT_OF
3747	3750	PARENT_OF
3746	3747	PARENT_OF
3756	3757	PARENT_OF
3755	3756	PARENT_OF
3755	3758	PARENT_OF
3754	3755	PARENT_OF
3762	3763	PARENT_OF
3761	3762	PARENT_OF
3765	3766	PARENT_OF
3764	3765	PARENT_OF
3761	3764	PARENT_OF
3760	3761	PARENT_OF
3759	3760	PARENT_OF
3769	3770	PARENT_OF
3768	3769	PARENT_OF
3772	3773	PARENT_OF
3771	3772	PARENT_OF
3775	3776	PARENT_OF
3774	3775	PARENT_OF
3774	3777	PARENT_OF
3771	3774	PARENT_OF
3768	3771	PARENT_OF
3767	3768	PARENT_OF
3759	3767	PARENT_OF
3754	3759	PARENT_OF
3781	3782	PARENT_OF
3780	3781	PARENT_OF
3780	3783	PARENT_OF
3779	3780	PARENT_OF
3785	3786	PARENT_OF
3784	3785	PARENT_OF
3788	3789	PARENT_OF
3787	3788	PARENT_OF
3791	3792	PARENT_OF
3790	3791	PARENT_OF
3787	3790	PARENT_OF
3784	3787	PARENT_OF
3779	3784	PARENT_OF
3778	3779	PARENT_OF
3754	3778	PARENT_OF
3795	3796	PARENT_OF
3794	3795	PARENT_OF
3798	3799	PARENT_OF
3797	3798	PARENT_OF
3800	3801	PARENT_OF
3797	3800	PARENT_OF
3794	3797	PARENT_OF
3793	3794	PARENT_OF
3754	3793	PARENT_OF
3746	3754	PARENT_OF
3745	3746	PARENT_OF
3802	3803	PARENT_OF
3806	3807	PARENT_OF
3805	3806	PARENT_OF
3809	3810	PARENT_OF
3808	3809	PARENT_OF
3805	3808	PARENT_OF
3804	3805	PARENT_OF
3812	3813	PARENT_OF
3811	3812	PARENT_OF
3815	3816	PARENT_OF
3814	3815	PARENT_OF
3811	3814	PARENT_OF
3804	3811	PARENT_OF
3802	3804	PARENT_OF
3745	3802	PARENT_OF
3539	3745	PARENT_OF
3537	3539	PARENT_OF
3527	3537	PARENT_OF
2390	3527	PARENT_OF
2390	3817	PARENT_OF
2387	2390	PARENT_OF
2386	2387	FILE_OF
3819	3820	ENTRY
3819	3821	EXIT
3824	3825	PARENT_OF
3823	3824	PARENT_OF
3826	3827	PARENT_OF
3823	3826	PARENT_OF
3822	3823	PARENT_OF
3829	3830	PARENT_OF
3828	3829	PARENT_OF
3828	3831	PARENT_OF
3822	3828	PARENT_OF
3833	3834	PARENT_OF
3832	3833	PARENT_OF
3832	3835	PARENT_OF
3822	3832	PARENT_OF
3837	3838	PARENT_OF
3836	3837	PARENT_OF
3836	3839	PARENT_OF
3822	3836	PARENT_OF
3841	3842	PARENT_OF
3840	3841	PARENT_OF
3840	3843	PARENT_OF
3822	3840	PARENT_OF
3845	3846	PARENT_OF
3844	3845	PARENT_OF
3848	3849	PARENT_OF
3847	3848	PARENT_OF
3844	3847	PARENT_OF
3822	3844	PARENT_OF
3851	3852	PARENT_OF
3850	3851	PARENT_OF
3854	3855	PARENT_OF
3853	3854	PARENT_OF
3850	3853	PARENT_OF
3822	3850	PARENT_OF
3857	3858	PARENT_OF
3856	3857	PARENT_OF
3856	3859	PARENT_OF
3822	3856	PARENT_OF
3861	3862	PARENT_OF
3860	3861	PARENT_OF
3860	3863	PARENT_OF
3822	3860	PARENT_OF
3865	3866	PARENT_OF
3864	3865	PARENT_OF
3864	3867	PARENT_OF
3822	3864	PARENT_OF
3871	3872	PARENT_OF
3870	3871	PARENT_OF
3873	3874	PARENT_OF
3870	3873	PARENT_OF
3869	3870	PARENT_OF
3877	3878	PARENT_OF
3876	3877	PARENT_OF
3880	3881	PARENT_OF
3879	3880	PARENT_OF
3879	3882	PARENT_OF
3876	3879	PARENT_OF
3875	3876	PARENT_OF
3886	3887	PARENT_OF
3885	3886	PARENT_OF
3888	3889	PARENT_OF
3885	3888	PARENT_OF
3884	3885	PARENT_OF
3892	3893	PARENT_OF
3891	3892	PARENT_OF
3894	3895	PARENT_OF
3891	3894	PARENT_OF
3890	3891	PARENT_OF
3896	3897	PARENT_OF
3890	3896	PARENT_OF
3884	3890	PARENT_OF
3883	3884	PARENT_OF
3875	3883	PARENT_OF
3900	3901	PARENT_OF
3899	3900	PARENT_OF
3903	3904	PARENT_OF
3902	3903	PARENT_OF
3899	3902	PARENT_OF
3898	3899	PARENT_OF
3875	3898	PARENT_OF
3909	3910	PARENT_OF
3908	3909	PARENT_OF
3908	3911	PARENT_OF
3907	3908	PARENT_OF
3912	3913	PARENT_OF
3907	3912	PARENT_OF
3906	3907	PARENT_OF
3916	3917	PARENT_OF
3915	3916	PARENT_OF
3918	3919	PARENT_OF
3915	3918	PARENT_OF
3914	3915	PARENT_OF
3920	3921	PARENT_OF
3914	3920	PARENT_OF
3906	3914	PARENT_OF
3905	3906	PARENT_OF
3875	3905	PARENT_OF
3923	3924	PARENT_OF
3922	3923	PARENT_OF
3922	3925	PARENT_OF
3875	3922	PARENT_OF
3869	3875	PARENT_OF
3868	3869	PARENT_OF
3926	3927	PARENT_OF
3930	3931	PARENT_OF
3929	3930	PARENT_OF
3932	3933	PARENT_OF
3929	3932	PARENT_OF
3928	3929	PARENT_OF
3926	3928	PARENT_OF
3868	3926	PARENT_OF
3822	3868	PARENT_OF
3935	3936	PARENT_OF
3934	3935	PARENT_OF
3937	3938	PARENT_OF
3934	3937	PARENT_OF
3822	3934	PARENT_OF
3940	3941	PARENT_OF
3939	3940	PARENT_OF
3942	3943	PARENT_OF
3939	3942	PARENT_OF
3822	3939	PARENT_OF
3945	3946	PARENT_OF
3944	3945	PARENT_OF
3948	3949	PARENT_OF
3947	3948	PARENT_OF
3951	3952	PARENT_OF
3950	3951	PARENT_OF
3953	3954	PARENT_OF
3950	3953	PARENT_OF
3955	3956	PARENT_OF
3950	3955	PARENT_OF
3957	3958	PARENT_OF
3950	3957	PARENT_OF
3950	3959	PARENT_OF
3947	3950	PARENT_OF
3944	3947	PARENT_OF
3822	3944	PARENT_OF
3963	3964	PARENT_OF
3962	3963	PARENT_OF
3961	3962	PARENT_OF
3967	3968	PARENT_OF
3966	3967	PARENT_OF
3971	3972	PARENT_OF
3970	3971	PARENT_OF
3970	3973	PARENT_OF
3974	3975	PARENT_OF
3970	3974	PARENT_OF
3970	3976	PARENT_OF
3969	3970	PARENT_OF
3966	3969	PARENT_OF
3965	3966	PARENT_OF
3977	3978	PARENT_OF
3965	3977	PARENT_OF
3961	3965	PARENT_OF
3960	3961	PARENT_OF
3822	3960	PARENT_OF
3980	3981	PARENT_OF
3979	3980	PARENT_OF
3985	3986	PARENT_OF
3985	3987	PARENT_OF
3984	3985	PARENT_OF
3988	3989	PARENT_OF
3988	3990	PARENT_OF
3984	3988	PARENT_OF
3983	3984	PARENT_OF
3983	3991	PARENT_OF
3982	3983	PARENT_OF
3994	3995	PARENT_OF
3994	3996	PARENT_OF
3993	3994	PARENT_OF
3997	3998	PARENT_OF
3997	3999	PARENT_OF
3993	3997	PARENT_OF
3992	3993	PARENT_OF
3992	4000	PARENT_OF
3982	3992	PARENT_OF
4003	4004	PARENT_OF
4003	4005	PARENT_OF
4002	4003	PARENT_OF
4006	4007	PARENT_OF
4006	4008	PARENT_OF
4002	4006	PARENT_OF
4001	4002	PARENT_OF
4001	4009	PARENT_OF
3982	4001	PARENT_OF
3979	3982	PARENT_OF
3822	3979	PARENT_OF
4011	4012	PARENT_OF
4010	4011	PARENT_OF
4014	4015	PARENT_OF
4013	4014	PARENT_OF
4017	4018	PARENT_OF
4016	4017	PARENT_OF
4019	4020	PARENT_OF
4016	4019	PARENT_OF
4021	4022	PARENT_OF
4016	4021	PARENT_OF
4013	4016	PARENT_OF
4010	4013	PARENT_OF
3822	4010	PARENT_OF
4027	4028	PARENT_OF
4026	4027	PARENT_OF
4030	4031	PARENT_OF
4029	4030	PARENT_OF
4026	4029	PARENT_OF
4025	4026	PARENT_OF
4024	4025	PARENT_OF
4034	4035	PARENT_OF
4033	4034	PARENT_OF
4036	4037	PARENT_OF
4033	4036	PARENT_OF
4032	4033	PARENT_OF
4038	4039	PARENT_OF
4032	4038	PARENT_OF
4024	4032	PARENT_OF
4023	4024	PARENT_OF
3822	4023	PARENT_OF
4041	4042	PARENT_OF
4040	4041	PARENT_OF
4045	4046	PARENT_OF
4044	4045	PARENT_OF
4044	4047	PARENT_OF
4043	4044	PARENT_OF
4043	4048	PARENT_OF
4040	4043	PARENT_OF
3822	4040	PARENT_OF
4050	4051	PARENT_OF
4049	4050	PARENT_OF
4054	4055	PARENT_OF
4053	4054	PARENT_OF
4053	4056	PARENT_OF
4052	4053	PARENT_OF
4052	4057	PARENT_OF
4049	4052	PARENT_OF
3822	4049	PARENT_OF
4059	4060	PARENT_OF
4058	4059	PARENT_OF
4063	4064	PARENT_OF
4062	4063	PARENT_OF
4062	4065	PARENT_OF
4061	4062	PARENT_OF
4061	4066	PARENT_OF
4058	4061	PARENT_OF
3822	4058	PARENT_OF
4068	4069	PARENT_OF
4067	4068	PARENT_OF
4071	4072	PARENT_OF
4070	4071	PARENT_OF
4070	4073	PARENT_OF
4067	4070	PARENT_OF
3822	4067	PARENT_OF
4075	4076	PARENT_OF
4074	4075	PARENT_OF
4078	4079	PARENT_OF
4080	4081	PARENT_OF
4078	4080	PARENT_OF
4078	4082	PARENT_OF
4083	4084	PARENT_OF
4078	4083	PARENT_OF
4077	4078	PARENT_OF
4074	4077	PARENT_OF
3822	4074	PARENT_OF
4085	4086	PARENT_OF
4091	4092	PARENT_OF
4090	4091	PARENT_OF
4094	4095	PARENT_OF
4093	4094	PARENT_OF
4090	4093	PARENT_OF
4089	4090	PARENT_OF
4098	4099	PARENT_OF
4097	4098	PARENT_OF
4100	4101	PARENT_OF
4097	4100	PARENT_OF
4096	4097	PARENT_OF
4102	4103	PARENT_OF
4096	4102	PARENT_OF
4089	4096	PARENT_OF
4088	4089	PARENT_OF
4087	4088	PARENT_OF
4107	4108	PARENT_OF
4106	4107	PARENT_OF
4111	4112	PARENT_OF
4110	4111	PARENT_OF
4110	4113	PARENT_OF
4109	4110	PARENT_OF
4106	4109	PARENT_OF
4105	4106	PARENT_OF
4116	4117	PARENT_OF
4115	4116	PARENT_OF
4118	4119	PARENT_OF
4115	4118	PARENT_OF
4114	4115	PARENT_OF
4120	4121	PARENT_OF
4114	4120	PARENT_OF
4105	4114	PARENT_OF
4104	4105	PARENT_OF
4087	4104	PARENT_OF
4123	4124	PARENT_OF
4122	4123	PARENT_OF
4127	4128	PARENT_OF
4126	4127	PARENT_OF
4126	4129	PARENT_OF
4125	4126	PARENT_OF
4132	4133	PARENT_OF
4131	4132	PARENT_OF
4131	4134	PARENT_OF
4130	4131	PARENT_OF
4130	4135	PARENT_OF
4125	4130	PARENT_OF
4138	4139	PARENT_OF
4137	4138	PARENT_OF
4137	4140	PARENT_OF
4136	4137	PARENT_OF
4136	4141	PARENT_OF
4125	4136	PARENT_OF
4122	4125	PARENT_OF
4087	4122	PARENT_OF
4143	4144	PARENT_OF
4142	4143	PARENT_OF
4146	4147	PARENT_OF
4145	4146	PARENT_OF
4149	4150	PARENT_OF
4148	4149	PARENT_OF
4151	4152	PARENT_OF
4148	4151	PARENT_OF
4153	4154	PARENT_OF
4148	4153	PARENT_OF
4156	4157	PARENT_OF
4155	4156	PARENT_OF
4148	4155	PARENT_OF
4145	4148	PARENT_OF
4142	4145	PARENT_OF
4087	4142	PARENT_OF
4161	4162	PARENT_OF
4160	4161	PARENT_OF
4164	4165	PARENT_OF
4163	4164	PARENT_OF
4166	4167	PARENT_OF
4163	4166	PARENT_OF
4160	4163	PARENT_OF
4159	4160	PARENT_OF
4171	4172	PARENT_OF
4170	4171	PARENT_OF
4174	4175	PARENT_OF
4173	4174	PARENT_OF
4176	4177	PARENT_OF
4173	4176	PARENT_OF
4170	4173	PARENT_OF
4169	4170	PARENT_OF
4168	4169	PARENT_OF
4179	4180	PARENT_OF
4178	4179	PARENT_OF
4182	4183	PARENT_OF
4181	4182	PARENT_OF
4185	4186	PARENT_OF
4184	4185	PARENT_OF
4187	4188	PARENT_OF
4184	4187	PARENT_OF
4181	4184	PARENT_OF
4178	4181	PARENT_OF
4168	4178	PARENT_OF
4191	4192	PARENT_OF
4190	4191	PARENT_OF
4194	4195	PARENT_OF
4193	4194	PARENT_OF
4197	4198	PARENT_OF
4199	4200	PARENT_OF
4197	4199	PARENT_OF
4196	4197	PARENT_OF
4193	4196	PARENT_OF
4190	4193	PARENT_OF
4189	4190	PARENT_OF
4168	4189	PARENT_OF
4202	4203	PARENT_OF
4201	4202	PARENT_OF
4206	4207	PARENT_OF
4205	4206	PARENT_OF
4205	4208	PARENT_OF
4204	4205	PARENT_OF
4209	4210	PARENT_OF
4204	4209	PARENT_OF
4201	4204	PARENT_OF
4168	4201	PARENT_OF
4159	4168	PARENT_OF
4158	4159	PARENT_OF
4087	4158	PARENT_OF
4214	4215	PARENT_OF
4213	4214	PARENT_OF
4218	4219	PARENT_OF
4217	4218	PARENT_OF
4217	4220	PARENT_OF
4216	4217	PARENT_OF
4221	4222	PARENT_OF
4216	4221	PARENT_OF
4213	4216	PARENT_OF
4212	4213	PARENT_OF
4226	4227	PARENT_OF
4225	4226	PARENT_OF
4229	4230	PARENT_OF
4228	4229	PARENT_OF
4231	4232	PARENT_OF
4228	4231	PARENT_OF
4225	4228	PARENT_OF
4224	4225	PARENT_OF
4223	4224	PARENT_OF
4234	4235	PARENT_OF
4233	4234	PARENT_OF
4237	4238	PARENT_OF
4236	4237	PARENT_OF
4241	4242	PARENT_OF
4240	4241	PARENT_OF
4240	4243	PARENT_OF
4239	4240	PARENT_OF
4244	4245	PARENT_OF
4239	4244	PARENT_OF
4236	4239	PARENT_OF
4233	4236	PARENT_OF
4223	4233	PARENT_OF
4248	4249	PARENT_OF
4247	4248	PARENT_OF
4251	4252	PARENT_OF
4250	4251	PARENT_OF
4254	4255	PARENT_OF
4256	4257	PARENT_OF
4254	4256	PARENT_OF
4253	4254	PARENT_OF
4250	4253	PARENT_OF
4247	4250	PARENT_OF
4246	4247	PARENT_OF
4223	4246	PARENT_OF
4259	4260	PARENT_OF
4258	4259	PARENT_OF
4262	4263	PARENT_OF
4261	4262	PARENT_OF
4264	4265	PARENT_OF
4261	4264	PARENT_OF
4258	4261	PARENT_OF
4223	4258	PARENT_OF
4212	4223	PARENT_OF
4211	4212	PARENT_OF
4087	4211	PARENT_OF
4269	4270	PARENT_OF
4268	4269	PARENT_OF
4273	4274	PARENT_OF
4272	4273	PARENT_OF
4272	4275	PARENT_OF
4271	4272	PARENT_OF
4276	4277	PARENT_OF
4271	4276	PARENT_OF
4268	4271	PARENT_OF
4267	4268	PARENT_OF
4281	4282	PARENT_OF
4280	4281	PARENT_OF
4284	4285	PARENT_OF
4283	4284	PARENT_OF
4286	4287	PARENT_OF
4283	4286	PARENT_OF
4280	4283	PARENT_OF
4279	4280	PARENT_OF
4278	4279	PARENT_OF
4289	4290	PARENT_OF
4288	4289	PARENT_OF
4292	4293	PARENT_OF
4291	4292	PARENT_OF
4296	4297	PARENT_OF
4295	4296	PARENT_OF
4295	4298	PARENT_OF
4294	4295	PARENT_OF
4299	4300	PARENT_OF
4294	4299	PARENT_OF
4291	4294	PARENT_OF
4288	4291	PARENT_OF
4278	4288	PARENT_OF
4303	4304	PARENT_OF
4302	4303	PARENT_OF
4306	4307	PARENT_OF
4305	4306	PARENT_OF
4309	4310	PARENT_OF
4311	4312	PARENT_OF
4309	4311	PARENT_OF
4308	4309	PARENT_OF
4305	4308	PARENT_OF
4302	4305	PARENT_OF
4301	4302	PARENT_OF
4278	4301	PARENT_OF
4314	4315	PARENT_OF
4313	4314	PARENT_OF
4317	4318	PARENT_OF
4316	4317	PARENT_OF
4319	4320	PARENT_OF
4316	4319	PARENT_OF
4313	4316	PARENT_OF
4278	4313	PARENT_OF
4267	4278	PARENT_OF
4266	4267	PARENT_OF
4087	4266	PARENT_OF
4085	4087	PARENT_OF
3822	4085	PARENT_OF
4322	4323	PARENT_OF
4321	4322	PARENT_OF
4325	4326	PARENT_OF
4324	4325	PARENT_OF
4321	4324	PARENT_OF
3822	4321	PARENT_OF
4328	4329	PARENT_OF
4327	4328	PARENT_OF
4332	4333	PARENT_OF
4331	4332	PARENT_OF
4331	4334	PARENT_OF
4330	4331	PARENT_OF
4327	4330	PARENT_OF
3822	4327	PARENT_OF
4336	4337	PARENT_OF
4335	4336	PARENT_OF
4340	4341	PARENT_OF
4339	4340	PARENT_OF
4339	4342	PARENT_OF
4338	4339	PARENT_OF
4335	4338	PARENT_OF
3822	4335	PARENT_OF
4344	4345	PARENT_OF
4343	4344	PARENT_OF
4348	4349	PARENT_OF
4347	4348	PARENT_OF
4347	4350	PARENT_OF
4346	4347	PARENT_OF
4343	4346	PARENT_OF
3822	4343	PARENT_OF
4352	4353	PARENT_OF
4351	4352	PARENT_OF
4355	4356	PARENT_OF
4354	4355	PARENT_OF
4351	4354	PARENT_OF
3822	4351	PARENT_OF
4357	4358	ENTRY
4357	4359	EXIT
4361	4362	PARENT_OF
4361	4363	PARENT_OF
4361	4364	PARENT_OF
4360	4361	PARENT_OF
4357	4360	PARENT_OF
4357	4365	PARENT_OF
4370	4371	PARENT_OF
4369	4370	PARENT_OF
4368	4369	PARENT_OF
4375	4376	PARENT_OF
4374	4375	PARENT_OF
4374	4377	PARENT_OF
4373	4374	PARENT_OF
4372	4373	PARENT_OF
4368	4372	PARENT_OF
4367	4368	PARENT_OF
4366	4367	PARENT_OF
4357	4366	PARENT_OF
4357	4378	PARENT_OF
3822	4357	PARENT_OF
3822	4379	PARENT_OF
4380	4381	PARENT_OF
3822	4380	PARENT_OF
3819	3822	PARENT_OF
3818	3819	FILE_OF
4383	4384	ENTRY
4383	4385	EXIT
4388	4389	PARENT_OF
4387	4388	PARENT_OF
4391	4392	PARENT_OF
4391	4393	PARENT_OF
4390	4391	PARENT_OF
4394	4395	PARENT_OF
4394	4396	PARENT_OF
4390	4394	PARENT_OF
4387	4390	PARENT_OF
4386	4387	PARENT_OF
4398	4399	PARENT_OF
4397	4398	PARENT_OF
4397	4400	PARENT_OF
4386	4397	PARENT_OF
4402	4403	PARENT_OF
4401	4402	PARENT_OF
4404	4405	PARENT_OF
4401	4404	PARENT_OF
4401	4406	PARENT_OF
4412	4413	PARENT_OF
4411	4412	PARENT_OF
4411	4414	PARENT_OF
4410	4411	PARENT_OF
4415	4416	PARENT_OF
4410	4415	PARENT_OF
4409	4410	PARENT_OF
4418	4419	PARENT_OF
4417	4418	PARENT_OF
4417	4420	PARENT_OF
4409	4417	PARENT_OF
4408	4409	PARENT_OF
4407	4408	PARENT_OF
4401	4407	PARENT_OF
4386	4401	PARENT_OF
4424	4425	PARENT_OF
4423	4424	PARENT_OF
4423	4426	PARENT_OF
4422	4423	PARENT_OF
4429	4430	PARENT_OF
4428	4429	PARENT_OF
4431	4432	PARENT_OF
4428	4431	PARENT_OF
4427	4428	PARENT_OF
4433	4434	PARENT_OF
4427	4433	PARENT_OF
4422	4427	PARENT_OF
4421	4422	PARENT_OF
4386	4421	PARENT_OF
4435	4436	ENTRY
4435	4437	EXIT
4439	4440	PARENT_OF
4439	4441	PARENT_OF
4439	4442	PARENT_OF
4438	4439	PARENT_OF
4443	4444	PARENT_OF
4443	4445	PARENT_OF
4443	4446	PARENT_OF
4438	4443	PARENT_OF
4447	4448	PARENT_OF
4447	4449	PARENT_OF
4447	4450	PARENT_OF
4438	4447	PARENT_OF
4451	4452	PARENT_OF
4451	4453	PARENT_OF
4451	4454	PARENT_OF
4438	4451	PARENT_OF
4455	4456	PARENT_OF
4455	4457	PARENT_OF
4455	4458	PARENT_OF
4438	4455	PARENT_OF
4435	4438	PARENT_OF
4435	4459	PARENT_OF
4465	4466	PARENT_OF
4464	4465	PARENT_OF
4464	4467	PARENT_OF
4463	4464	PARENT_OF
4463	4468	PARENT_OF
4462	4463	PARENT_OF
4472	4473	PARENT_OF
4471	4472	PARENT_OF
4471	4474	PARENT_OF
4470	4471	PARENT_OF
4476	4477	PARENT_OF
4475	4476	PARENT_OF
4475	4478	PARENT_OF
4470	4475	PARENT_OF
4469	4470	PARENT_OF
4462	4469	PARENT_OF
4461	4462	PARENT_OF
4479	4480	PARENT_OF
4488	4489	PARENT_OF
4490	4491	PARENT_OF
4488	4490	PARENT_OF
4487	4488	PARENT_OF
4487	4492	PARENT_OF
4486	4487	PARENT_OF
4493	4494	PARENT_OF
4486	4493	PARENT_OF
4485	4486	PARENT_OF
4485	4495	PARENT_OF
4484	4485	PARENT_OF
4496	4497	PARENT_OF
4484	4496	PARENT_OF
4483	4484	PARENT_OF
4483	4498	PARENT_OF
4482	4483	PARENT_OF
4481	4482	PARENT_OF
4479	4481	PARENT_OF
4461	4479	PARENT_OF
4460	4461	PARENT_OF
4435	4460	PARENT_OF
4435	4499	PARENT_OF
4386	4435	PARENT_OF
4501	4502	PARENT_OF
4500	4501	PARENT_OF
4503	4504	PARENT_OF
4500	4503	PARENT_OF
4386	4500	PARENT_OF
4506	4507	PARENT_OF
4505	4506	PARENT_OF
4511	4512	PARENT_OF
4510	4511	PARENT_OF
4510	4513	PARENT_OF
4509	4510	PARENT_OF
4508	4509	PARENT_OF
4515	4516	PARENT_OF
4514	4515	PARENT_OF
4514	4517	PARENT_OF
4508	4514	PARENT_OF
4508	4518	PARENT_OF
4505	4508	PARENT_OF
4386	4505	PARENT_OF
4520	4521	PARENT_OF
4519	4520	PARENT_OF
4525	4526	PARENT_OF
4524	4525	PARENT_OF
4524	4527	PARENT_OF
4523	4524	PARENT_OF
4522	4523	PARENT_OF
4529	4530	PARENT_OF
4528	4529	PARENT_OF
4528	4531	PARENT_OF
4522	4528	PARENT_OF
4522	4532	PARENT_OF
4519	4522	PARENT_OF
4386	4519	PARENT_OF
4386	4533	PARENT_OF
4534	4535	PARENT_OF
4386	4534	PARENT_OF
4538	4539	PARENT_OF
4537	4538	PARENT_OF
4537	4540	PARENT_OF
4536	4537	PARENT_OF
4386	4536	PARENT_OF
4541	4542	PARENT_OF
4386	4541	PARENT_OF
4544	4545	PARENT_OF
4543	4544	PARENT_OF
4549	4550	PARENT_OF
4548	4549	PARENT_OF
4547	4548	PARENT_OF
4547	4551	PARENT_OF
4546	4547	PARENT_OF
4554	4555	PARENT_OF
4553	4554	PARENT_OF
4552	4553	PARENT_OF
4552	4556	PARENT_OF
4546	4552	PARENT_OF
4559	4560	PARENT_OF
4558	4559	PARENT_OF
4557	4558	PARENT_OF
4557	4561	PARENT_OF
4546	4557	PARENT_OF
4564	4565	PARENT_OF
4563	4564	PARENT_OF
4562	4563	PARENT_OF
4562	4566	PARENT_OF
4546	4562	PARENT_OF
4569	4570	PARENT_OF
4568	4569	PARENT_OF
4567	4568	PARENT_OF
4567	4571	PARENT_OF
4546	4567	PARENT_OF
4574	4575	PARENT_OF
4573	4574	PARENT_OF
4572	4573	PARENT_OF
4572	4576	PARENT_OF
4546	4572	PARENT_OF
4579	4580	PARENT_OF
4578	4579	PARENT_OF
4577	4578	PARENT_OF
4577	4581	PARENT_OF
4546	4577	PARENT_OF
4584	4585	PARENT_OF
4583	4584	PARENT_OF
4582	4583	PARENT_OF
4582	4586	PARENT_OF
4546	4582	PARENT_OF
4589	4590	PARENT_OF
4588	4589	PARENT_OF
4587	4588	PARENT_OF
4587	4591	PARENT_OF
4546	4587	PARENT_OF
4594	4595	PARENT_OF
4593	4594	PARENT_OF
4592	4593	PARENT_OF
4592	4596	PARENT_OF
4546	4592	PARENT_OF
4599	4600	PARENT_OF
4598	4599	PARENT_OF
4597	4598	PARENT_OF
4597	4601	PARENT_OF
4546	4597	PARENT_OF
4604	4605	PARENT_OF
4603	4604	PARENT_OF
4602	4603	PARENT_OF
4602	4606	PARENT_OF
4546	4602	PARENT_OF
4609	4610	PARENT_OF
4608	4609	PARENT_OF
4607	4608	PARENT_OF
4607	4611	PARENT_OF
4546	4607	PARENT_OF
4614	4615	PARENT_OF
4613	4614	PARENT_OF
4612	4613	PARENT_OF
4612	4616	PARENT_OF
4546	4612	PARENT_OF
4543	4546	PARENT_OF
4386	4543	PARENT_OF
4621	4622	PARENT_OF
4620	4621	PARENT_OF
4624	4625	PARENT_OF
4623	4624	PARENT_OF
4627	4628	PARENT_OF
4626	4627	PARENT_OF
4630	4631	PARENT_OF
4629	4630	PARENT_OF
4626	4629	PARENT_OF
4623	4626	PARENT_OF
4620	4623	PARENT_OF
4619	4620	PARENT_OF
4618	4619	PARENT_OF
4634	4635	PARENT_OF
4633	4634	PARENT_OF
4633	4636	PARENT_OF
4632	4633	PARENT_OF
4618	4632	PARENT_OF
4617	4618	PARENT_OF
4386	4617	PARENT_OF
4638	4639	PARENT_OF
4637	4638	PARENT_OF
4637	4640	PARENT_OF
4386	4637	PARENT_OF
4643	4644	PARENT_OF
4642	4643	PARENT_OF
4646	4647	PARENT_OF
4645	4646	PARENT_OF
4642	4645	PARENT_OF
4641	4642	PARENT_OF
4648	4649	PARENT_OF
4641	4648	PARENT_OF
4641	4650	PARENT_OF
4655	4656	PARENT_OF
4657	4658	PARENT_OF
4655	4657	PARENT_OF
4655	4659	PARENT_OF
4654	4655	PARENT_OF
4662	4663	PARENT_OF
4661	4662	PARENT_OF
4664	4665	PARENT_OF
4661	4664	PARENT_OF
4660	4661	PARENT_OF
4660	4666	PARENT_OF
4660	4667	PARENT_OF
4654	4660	PARENT_OF
4653	4654	PARENT_OF
4668	4669	PARENT_OF
4670	4671	PARENT_OF
4668	4670	PARENT_OF
4668	4672	PARENT_OF
4653	4668	PARENT_OF
4652	4653	PARENT_OF
4651	4652	PARENT_OF
4641	4651	PARENT_OF
4386	4641	PARENT_OF
4386	4673	PARENT_OF
4674	4675	PARENT_OF
4386	4674	PARENT_OF
4679	4680	PARENT_OF
4678	4679	PARENT_OF
4678	4681	PARENT_OF
4677	4678	PARENT_OF
4684	4685	PARENT_OF
4683	4684	PARENT_OF
4687	4688	PARENT_OF
4686	4687	PARENT_OF
4690	4691	PARENT_OF
4689	4690	PARENT_OF
4693	4694	PARENT_OF
4692	4693	PARENT_OF
4695	4696	PARENT_OF
4692	4695	PARENT_OF
4689	4692	PARENT_OF
4697	4698	PARENT_OF
4689	4697	PARENT_OF
4699	4700	PARENT_OF
4689	4699	PARENT_OF
4686	4689	PARENT_OF
4683	4686	PARENT_OF
4682	4683	PARENT_OF
4701	4702	PARENT_OF
4682	4701	PARENT_OF
4703	4704	PARENT_OF
4682	4703	PARENT_OF
4706	4707	PARENT_OF
4705	4706	PARENT_OF
4709	4710	PARENT_OF
4708	4709	PARENT_OF
4705	4708	PARENT_OF
4682	4705	PARENT_OF
4711	4712	PARENT_OF
4682	4711	PARENT_OF
4714	4715	PARENT_OF
4713	4714	PARENT_OF
4717	4718	PARENT_OF
4716	4717	PARENT_OF
4713	4716	PARENT_OF
4682	4713	PARENT_OF
4719	4720	PARENT_OF
4682	4719	PARENT_OF
4722	4723	PARENT_OF
4721	4722	PARENT_OF
4725	4726	PARENT_OF
4724	4725	PARENT_OF
4721	4724	PARENT_OF
4682	4721	PARENT_OF
4727	4728	PARENT_OF
4682	4727	PARENT_OF
4677	4682	PARENT_OF
4676	4677	PARENT_OF
4386	4676	PARENT_OF
4386	4729	PARENT_OF
4730	4731	PARENT_OF
4386	4730	PARENT_OF
4383	4386	PARENT_OF
4382	4383	FILE_OF
4732	715	DIRECTORY_OF
4732	1286	DIRECTORY_OF
4732	2386	DIRECTORY_OF
4732	3818	DIRECTORY_OF
4732	4382	DIRECTORY_OF
4733	4732	DIRECTORY_OF
4734	140	DIRECTORY_OF
4734	377	DIRECTORY_OF
4734	714	DIRECTORY_OF
4734	4733	DIRECTORY_OF
0	42	DIRECTORY_OF
0	4734	DIRECTORY_OF
